,CustomerID,predictions
0,13085.0,0
1,17519.0,1
2,12362.0,1
3,15712.0,1
4,16128.0,1
5,17984.0,0
6,14748.0,1
7,14871.0,0
8,12615.0,0
9,15299.0,1
10,15796.0,1
11,14292.0,1
12,14341.0,1
13,17063.0,0
14,16955.0,0
15,17742.0,1
16,15051.0,1
17,14621.0,1
18,14543.0,1
19,18037.0,0
20,15380.0,0
21,16150.0,1
22,13110.0,1
23,15254.0,1
24,12758.0,1
25,16763.0,0
26,15265.0,0
27,14108.0,1
28,16701.0,1
29,14135.0,1
30,15602.0,1
31,17193.0,0
32,16131.0,1
33,14560.0,1
34,12523.0,1
35,14299.0,1
36,13654.0,1
37,17189.0,0
38,13070.0,0
39,17768.0,0
40,12948.0,0
41,17867.0,0
42,16711.0,0
43,16126.0,1
44,13313.0,1
45,16987.0,0
46,17809.0,1
47,17660.0,0
48,14841.0,0
49,15482.0,0
50,16156.0,1
51,12779.0,0
52,13611.0,0
53,14483.0,0
54,15291.0,0
55,15658.0,0
56,17314.0,1
57,17155.0,0
58,13993.0,1
59,17069.0,1
60,16168.0,1
61,13895.0,1
62,13208.0,0
63,16139.0,0
64,14905.0,0
65,18229.0,1
66,17293.0,1
67,15550.0,1
68,16612.0,1
69,14958.0,0
70,14898.0,1
71,17414.0,0
72,13037.0,0
73,16570.0,1
74,17663.0,1
75,16003.0,1
76,13154.0,0
77,16961.0,0
78,14221.0,1
79,12759.0,0
80,14735.0,1
81,18061.0,1
82,16883.0,0
83,13481.0,1
84,17157.0,0
85,16325.0,1
86,16723.0,1
87,12510.0,1
88,13162.0,1
89,17935.0,0
90,16593.0,0
91,13021.0,0
92,17115.0,0
93,14239.0,1
94,15240.0,0
95,14709.0,1
96,14867.0,0
97,17642.0,1
98,13813.0,1
99,13589.0,0
100,14133.0,1
101,15860.0,1
102,13782.0,1
103,17848.0,1
104,17969.0,0
105,14548.0,0
106,13890.0,1
107,15641.0,1
108,17858.0,1
109,13491.0,1
110,14738.0,1
111,17739.0,0
112,14037.0,0
113,18077.0,1
114,16768.0,1
115,13984.0,1
116,14408.0,1
117,17707.0,0
118,15716.0,0
119,14307.0,1
120,18219.0,1
121,12747.0,1
122,17988.0,0
123,12600.0,1
124,14512.0,0
125,16353.0,1
126,16018.0,0
127,12424.0,0
128,17457.0,1
129,15694.0,0
130,16717.0,1
131,14209.0,1
132,14013.0,1
133,15369.0,0
134,12358.0,0
135,14215.0,0
136,15971.0,1
137,17854.0,0
138,17268.0,1
139,15093.0,1
140,13643.0,0
141,17213.0,1
142,18203.0,0
143,13410.0,0
144,14285.0,0
145,16892.0,0
146,16523.0,1
147,16805.0,0
148,13576.0,1
149,13414.0,1
150,18252.0,0
151,13136.0,1
152,17531.0,0
153,15203.0,1
154,14907.0,1
155,13107.0,0
156,15181.0,0
157,14267.0,0
158,17188.0,0
159,12712.0,1
160,14732.0,1
161,17929.0,1
162,16912.0,1
163,13983.0,0
164,17631.0,0
165,14107.0,0
166,12917.0,0
167,16755.0,1
168,13426.0,0
169,17043.0,0
170,18065.0,0
171,13728.0,1
172,15841.0,0
173,15465.0,1
174,17603.0,0
175,16143.0,1
176,14293.0,0
177,17388.0,1
178,15854.0,1
179,17027.0,0
180,15889.0,0
181,15912.0,0
182,12989.0,0
183,16985.0,1
184,15157.0,1
185,15623.0,0
186,13831.0,1
187,14626.0,1
188,15916.0,0
189,12933.0,0
190,14507.0,1
191,17351.0,0
192,16450.0,0
193,14389.0,0
194,17512.0,1
195,15494.0,1
196,18268.0,1
197,14191.0,1
198,14643.0,0
199,14577.0,0
200,17409.0,0
201,16365.0,1
202,13953.0,1
203,17083.0,1
204,16952.0,0
205,18094.0,1
206,14625.0,0
207,14790.0,1
208,17958.0,1
209,17754.0,1
210,12664.0,1
211,15144.0,1
212,12843.0,0
213,17211.0,0
214,15850.0,0
215,15628.0,1
216,17819.0,0
217,14466.0,1
218,16551.0,1
219,15577.0,0
220,13462.0,0
221,14032.0,0
222,15329.0,1
223,15920.0,0
224,14401.0,1
225,16206.0,1
226,13510.0,1
227,17866.0,1
228,13577.0,1
229,13000.0,0
230,16098.0,1
231,15812.0,1
232,17797.0,0
233,13756.0,1
234,16308.0,1
235,15785.0,0
236,15527.0,1
237,17368.0,0
238,18177.0,1
239,14460.0,0
240,15312.0,1
241,15713.0,0
242,14869.0,1
243,13769.0,1
244,15184.0,0
245,17469.0,1
246,14055.0,1
247,17873.0,0
248,18144.0,1
249,13941.0,1
250,14092.0,1
251,17402.0,1
252,15863.0,0
253,13875.0,1
254,13266.0,1
255,18097.0,1
256,13520.0,1
257,13427.0,0
258,13203.0,1
259,15270.0,1
260,12708.0,1
261,12826.0,0
262,14083.0,0
263,18036.0,1
264,12455.0,1
265,13995.0,1
266,12422.0,0
267,13327.0,1
268,12609.0,0
269,14404.0,1
270,14819.0,0
271,17888.0,0
272,15810.0,1
273,18190.0,0
274,13082.0,1
275,14477.0,0
276,13821.0,1
277,16875.0,1
278,13901.0,1
279,14198.0,1
280,18171.0,0
281,13253.0,0
282,13338.0,0
283,14210.0,1
284,17941.0,0
285,14541.0,0
286,16641.0,1
287,15152.0,1
288,12648.0,0
289,14045.0,1
290,15827.0,1
291,13854.0,1
292,16103.0,1
293,16027.0,1
294,14327.0,0
295,18170.0,1
296,14573.0,0
297,17323.0,1
298,12951.0,0
299,12875.0,0
300,15549.0,0
301,14984.0,0
302,12406.0,1
303,15186.0,0
304,16841.0,1
305,15002.0,1
306,14241.0,0
307,12649.0,1
308,17962.0,0
309,13929.0,0
310,12644.0,1
311,13562.0,1
312,17227.0,0
313,17454.0,0
314,16434.0,0
315,17591.0,1
316,12877.0,1
317,15747.0,1
318,15795.0,1
319,17966.0,0
320,17048.0,0
321,16954.0,1
322,16287.0,0
323,15198.0,0
324,12468.0,1
325,12589.0,1
326,14472.0,1
327,13397.0,1
328,12987.0,0
329,13982.0,0
330,15095.0,1
331,14064.0,1
332,17320.0,1
333,14854.0,1
334,14640.0,1
335,14837.0,1
336,17242.0,0
337,16950.0,1
338,12916.0,0
339,17071.0,1
340,13209.0,1
341,15434.0,1
342,15483.0,0
343,17584.0,1
344,13477.0,0
345,17419.0,1
346,15611.0,1
347,13971.0,1
348,17353.0,0
349,17536.0,0
350,15845.0,1
351,14079.0,0
352,15073.0,0
353,15389.0,0
354,13048.0,1
355,15797.0,1
356,16320.0,0
357,18016.0,0
358,14167.0,0
359,17695.0,0
360,17905.0,1
361,15192.0,1
362,13851.0,1
363,12823.0,0
364,13583.0,0
365,15182.0,0
366,14481.0,0
367,16014.0,0
368,14820.0,0
369,12483.0,0
370,15416.0,1
371,15512.0,0
372,17361.0,0
373,15480.0,1
374,18064.0,1
375,17146.0,1
376,13538.0,1
377,16928.0,1
378,18101.0,0
379,17690.0,1
380,12840.0,0
381,14038.0,1
382,12500.0,1
383,16266.0,1
384,12853.0,1
385,16147.0,1
386,13658.0,0
387,14682.0,0
388,15660.0,1
389,13700.0,0
390,15584.0,0
391,16225.0,0
392,13870.0,1
393,17514.0,0
394,12524.0,1
395,13131.0,0
396,14609.0,0
397,12645.0,1
398,16344.0,0
399,17731.0,1
400,13242.0,0
401,16419.0,1
402,14301.0,1
403,13629.0,1
404,13291.0,0
405,13815.0,1
406,12695.0,1
407,15288.0,0
408,17029.0,0
409,15372.0,0
410,15561.0,0
411,14970.0,1
412,12426.0,0
413,14282.0,1
414,12380.0,0
415,16330.0,0
416,17442.0,1
417,17644.0,1
418,16359.0,0
419,14639.0,1
420,15325.0,1
421,13842.0,0
422,16774.0,1
423,14944.0,1
424,17560.0,1
425,13115.0,1
426,14276.0,0
427,14584.0,0
428,16447.0,0
429,14495.0,0
430,12993.0,1
431,12891.0,0
432,18257.0,1
433,15306.0,1
434,13662.0,0
435,13552.0,1
436,13761.0,0
437,16948.0,0
438,12360.0,1
439,14997.0,0
440,13217.0,0
441,17259.0,0
442,15673.0,1
443,13513.0,1
444,12727.0,0
445,17667.0,0
446,13330.0,0
447,15241.0,1
448,15955.0,1
449,15290.0,1
450,12909.0,0
451,15058.0,1
452,13104.0,1
453,14006.0,1
454,14740.0,0
455,17863.0,1
456,13771.0,0
457,13240.0,0
458,15124.0,0
459,14177.0,0
460,14459.0,0
461,16807.0,1
462,15569.0,1
463,15149.0,1
464,17373.0,0
465,14798.0,0
466,12598.0,0
467,15219.0,0
468,16511.0,0
469,14257.0,1
470,13911.0,1
471,14818.0,0
472,12809.0,0
473,15606.0,1
474,13663.0,0
475,16099.0,0
476,13873.0,1
477,13294.0,0
478,12594.0,1
479,16461.0,0
480,13722.0,1
481,13835.0,0
482,17930.0,0
483,18151.0,1
484,16859.0,1
485,18272.0,1
486,17159.0,0
487,12399.0,1
488,13280.0,1
489,13476.0,0
490,13515.0,1
491,17190.0,0
492,14852.0,1
493,13799.0,1
494,16271.0,1
495,17236.0,0
496,17734.0,0
497,16466.0,1
498,12530.0,1
499,14493.0,0
500,17298.0,0
501,15791.0,0
502,17682.0,1
503,13157.0,1
504,17960.0,0
505,16628.0,1
506,17289.0,0
507,16681.0,1
508,16182.0,1
509,17266.0,0
510,15921.0,0
511,15722.0,1
512,13627.0,1
513,13283.0,0
514,14676.0,1
515,13316.0,1
516,14403.0,1
517,16258.0,1
518,13305.0,1
519,16611.0,0
520,14060.0,1
521,14745.0,1
522,17065.0,0
523,17588.0,1
524,13824.0,1
525,13183.0,1
526,15665.0,0
527,14857.0,1
528,14645.0,0
529,14315.0,1
530,18135.0,0
531,15117.0,1
532,16571.0,0
533,15819.0,1
534,15918.0,0
535,14400.0,0
536,16385.0,0
537,16303.0,1
538,17349.0,0
539,16668.0,0
540,17738.0,1
541,12418.0,1
542,12908.0,0
543,17133.0,0
544,17472.0,0
545,13466.0,0
546,17051.0,0
547,15105.0,1
548,14344.0,1
549,13988.0,0
550,14947.0,1
551,15374.0,0
552,13849.0,0
553,17001.0,1
554,13900.0,0
555,13285.0,0
556,15027.0,0
557,12726.0,0
558,13705.0,0
559,16493.0,1
560,13117.0,1
561,15289.0,0
562,12910.0,0
563,14101.0,1
564,14078.0,1
565,15981.0,1
566,16532.0,1
567,17994.0,1
568,17046.0,0
569,17676.0,1
570,12990.0,0
571,17464.0,0
572,14235.0,1
573,15122.0,1
574,13856.0,0
575,18093.0,1
576,15800.0,1
577,15689.0,0
578,14916.0,1
579,18241.0,1
580,14692.0,1
581,13750.0,1
582,16054.0,0
583,17669.0,1
584,14035.0,1
585,13939.0,1
586,16654.0,0
587,14825.0,1
588,14265.0,1
589,13207.0,0
590,15252.0,0
591,13632.0,0
592,14264.0,0
593,12643.0,1
594,15201.0,1
595,14758.0,1
596,17553.0,0
597,14145.0,1
598,14855.0,1
599,16053.0,1
600,14918.0,1
601,14450.0,0
602,14533.0,1
603,17110.0,0
604,15129.0,1
605,16040.0,1
606,13080.0,0
607,16276.0,0
608,12935.0,1
609,12590.0,0
610,14930.0,1
611,14844.0,1
612,15639.0,0
613,16809.0,1
614,14998.0,0
615,17505.0,0
616,16292.0,1
617,15572.0,1
618,13388.0,0
619,14656.0,0
620,13647.0,0
621,18236.0,1
622,17709.0,0
623,16174.0,0
624,13450.0,1
625,18262.0,0
626,12778.0,0
627,12395.0,1
628,14623.0,1
629,17256.0,0
630,17041.0,0
631,14506.0,0
632,15410.0,1
633,13145.0,0
634,12516.0,0
635,18062.0,0
636,13461.0,0
637,13308.0,0
638,16743.0,1
639,16279.0,0
640,13656.0,0
641,15245.0,1
642,12844.0,0
643,14021.0,0
644,15384.0,0
645,13307.0,0
646,14552.0,0
647,13012.0,0
648,13655.0,1
649,13064.0,0
650,16117.0,0
651,15402.0,1
652,12744.0,1
653,17491.0,1
654,12717.0,0
655,13238.0,0
656,16767.0,1
657,17730.0,1
658,16332.0,1
659,16607.0,1
660,17463.0,0
661,12915.0,0
662,14201.0,1
663,15253.0,0
664,15373.0,1
665,12507.0,1
666,16317.0,1
667,16526.0,0
668,15396.0,0
669,17759.0,0
670,14437.0,0
671,15704.0,1
672,12388.0,1
673,17031.0,0
674,17926.0,1
675,13425.0,1
676,16092.0,1
677,17720.0,1
678,17169.0,0
679,17579.0,0
680,16614.0,0
681,12599.0,1
682,18281.0,0
683,13695.0,1
684,13296.0,0
685,17705.0,1
686,16898.0,0
687,12494.0,0
688,15405.0,0
689,17897.0,0
690,13220.0,0
691,13888.0,1
692,16906.0,0
693,16836.0,0
694,13300.0,0
695,17123.0,0
696,15280.0,0
697,16835.0,1
698,17490.0,0
699,16915.0,0
700,12837.0,0
701,14334.0,1
702,13213.0,1
703,14513.0,1
704,14409.0,1
705,16889.0,0
706,13778.0,1
707,13402.0,1
708,14847.0,0
709,15681.0,0
710,12802.0,0
711,16175.0,0
712,17694.0,0
713,12656.0,1
714,17179.0,0
715,16153.0,1
716,12378.0,1
717,13880.0,1
718,15256.0,0
719,15985.0,1
720,16218.0,1
721,15400.0,1
722,12619.0,1
723,18044.0,0
724,14104.0,0
725,15938.0,1
726,16401.0,1
727,17096.0,1
728,14687.0,1
729,14766.0,0
730,18112.0,0
731,13109.0,0
732,13614.0,0
733,14309.0,0
734,17987.0,0
735,14515.0,0
736,13699.0,0
737,16232.0,0
738,17040.0,0
739,17101.0,0
740,12928.0,0
741,17440.0,0
742,17282.0,1
743,14180.0,1
744,17204.0,0
745,17869.0,0
746,15734.0,1
747,16209.0,1
748,12429.0,0
749,17749.0,0
750,13745.0,0
751,17790.0,1
752,14224.0,1
753,16647.0,0
754,15901.0,0
755,15016.0,0
756,16205.0,0
757,17571.0,0
758,15625.0,1
759,14375.0,0
760,13919.0,1
761,17692.0,1
762,16515.0,1
763,17341.0,0
764,13277.0,0
765,12412.0,1
766,15247.0,1
767,16739.0,0
768,14338.0,0
769,16062.0,1
770,16503.0,1
771,12724.0,0
772,15809.0,0
773,17422.0,1
774,12379.0,0
775,16825.0,0
776,14566.0,1
777,16529.0,0
778,16012.0,1
779,17578.0,0
780,13023.0,0
781,13752.0,1
782,14217.0,0
783,13814.0,1
784,12653.0,0
785,15852.0,0
786,17651.0,1
787,13302.0,0
788,12576.0,1
789,16907.0,0
790,18230.0,0
791,12633.0,1
792,13029.0,0
793,15969.0,0
794,12693.0,1
795,15076.0,0
796,12749.0,1
797,15133.0,1
798,12782.0,0
799,17408.0,0
800,16172.0,1
801,15530.0,0
802,12977.0,0
803,16496.0,0
804,16861.0,0
805,17470.0,1
806,12864.0,0
807,13509.0,1
808,12480.0,1
809,16555.0,0
810,12421.0,0
811,16203.0,0
812,14312.0,0
813,13384.0,1
814,13435.0,1
815,17122.0,0
816,15228.0,1
817,14463.0,0
818,15596.0,1
819,16278.0,1
820,14901.0,1
821,18075.0,1
822,16045.0,1
823,12408.0,0
824,14346.0,1
825,13617.0,1
826,13090.0,1
827,14001.0,0
828,16880.0,1
829,16316.0,1
830,15587.0,0
831,18079.0,1
832,13140.0,1
833,14053.0,0
834,14722.0,0
835,14913.0,0
836,13717.0,1
837,14700.0,0
838,17615.0,0
839,15110.0,1
840,16477.0,1
841,12676.0,1
842,17248.0,0
843,17299.0,0
844,13320.0,1
845,16638.0,1
846,15764.0,1
847,15506.0,1
848,12865.0,1
849,15855.0,1
850,12450.0,0
851,14565.0,1
852,15683.0,0
853,14321.0,1
854,17649.0,0
855,14342.0,0
856,12721.0,0
857,16235.0,0
858,14499.0,1
859,15074.0,1
860,12423.0,1
861,14885.0,1
862,15574.0,0
863,16872.0,1
864,16239.0,0
865,12808.0,0
866,14163.0,0
867,16832.0,0
868,13005.0,0
869,12635.0,1
870,14708.0,0
871,16042.0,1
872,17616.0,0
873,14231.0,0
874,15906.0,1
875,13784.0,1
876,16979.0,1
877,16589.0,0
878,15301.0,1
879,15535.0,0
880,13398.0,0
881,16146.0,0
882,17765.0,0
883,16983.0,0
884,14776.0,1
885,15462.0,0
886,14716.0,0
887,15041.0,0
888,16998.0,0
889,15140.0,1
890,18193.0,0
891,16298.0,0
892,16261.0,1
893,16775.0,1
894,17134.0,0
895,16531.0,1
896,14875.0,1
897,17567.0,1
898,17396.0,1
899,12449.0,1
900,15469.0,0
901,13139.0,1
902,14597.0,0
903,17007.0,0
904,13754.0,0
905,13804.0,1
906,14891.0,0
907,14829.0,0
908,14004.0,1
909,12562.0,1
910,16214.0,0
911,13763.0,0
912,12457.0,1
913,14657.0,0
914,15261.0,0
915,17360.0,0
916,13198.0,1
917,13014.0,1
918,16407.0,1
919,14462.0,1
920,16817.0,0
921,17375.0,0
922,17621.0,0
923,18017.0,0
924,14314.0,0
925,16348.0,1
926,17097.0,0
927,15128.0,1
928,17429.0,1
929,14810.0,1
930,17045.0,0
931,16149.0,0
932,15708.0,1
933,14127.0,1
934,17152.0,0
935,15038.0,0
936,16122.0,1
937,15024.0,1
938,17708.0,0
939,15208.0,0
940,12553.0,1
941,15134.0,1
942,15304.0,0
943,14696.0,1
944,13194.0,0
945,12798.0,0
946,13395.0,0
947,17629.0,1
948,15114.0,1
949,12694.0,0
950,18018.0,0
951,12691.0,1
952,14868.0,1
953,16810.0,0
954,15799.0,0
955,14712.0,1
956,17703.0,1
957,14741.0,1
958,16996.0,0
959,13079.0,0
960,17026.0,0
961,17655.0,0
962,14524.0,0
963,14332.0,0
964,13134.0,0
965,15608.0,1
966,16201.0,1
967,17483.0,0
968,13936.0,0
969,13106.0,0
970,12787.0,0
971,15065.0,0
972,15370.0,1
973,14690.0,0
974,12790.0,0
975,15646.0,0
976,17070.0,0
977,12775.0,0
978,14475.0,0
979,16188.0,0
980,13669.0,0
981,16265.0,1
982,14834.0,1
983,16780.0,0
984,13780.0,0
985,13282.0,0
986,12601.0,0
987,13833.0,0
988,15675.0,0
989,12347.0,1
990,17306.0,1
991,18127.0,0
992,12492.0,0
993,13937.0,0
994,13453.0,0
995,13523.0,0
996,17420.0,0
997,13500.0,1
998,13686.0,0
999,16178.0,0
1000,16050.0,0
1001,14737.0,1
1002,15379.0,0
1003,17702.0,1
1004,16899.0,1
1005,15996.0,1
1006,13138.0,1
1007,13967.0,0
1008,14077.0,0
1009,16358.0,0
1010,16824.0,0
1011,17980.0,0
1012,12868.0,0
1013,14024.0,1
1014,13167.0,1
1015,18221.0,1
1016,12991.0,0
1017,13862.0,1
1018,13094.0,1
1019,17633.0,1
1020,14189.0,1
1021,16083.0,0
1022,15811.0,1
1023,13158.0,1
1024,16829.0,0
1025,13549.0,0
1026,16224.0,0
1027,17659.0,1
1028,17386.0,1
1029,17648.0,0
1030,16424.0,0
1031,17870.0,1
1032,15864.0,0
1033,14972.0,0
1034,16357.0,0
1035,15987.0,1
1036,14443.0,1
1037,18161.0,0
1038,17516.0,0
1039,17722.0,0
1040,17723.0,1
1041,16545.0,0
1042,17671.0,0
1043,13955.0,0
1044,14414.0,1
1045,15939.0,1
1046,16473.0,0
1047,17820.0,0
1048,12947.0,0
1049,14491.0,0
1050,14775.0,1
1051,17787.0,1
1052,12763.0,0
1053,15048.0,0
1054,12942.0,0
1055,17937.0,1
1056,16927.0,0
1057,16816.0,0
1058,15780.0,0
1059,12383.0,0
1060,16112.0,0
1061,17634.0,1
1062,16567.0,0
1063,18198.0,1
1064,17114.0,0
1065,17800.0,1
1066,15835.0,1
1067,15687.0,0
1068,17064.0,0
1069,12626.0,1
1070,14976.0,0
1071,15831.0,0
1072,13742.0,0
1073,14501.0,0
1074,16949.0,0
1075,14659.0,0
1076,12528.0,1
1077,12929.0,0
1078,14188.0,1
1079,17446.0,0
1080,12502.0,1
1081,12464.0,0
1082,14778.0,0
1083,13725.0,0
1084,14842.0,0
1085,17105.0,0
1086,15781.0,0
1087,17302.0,1
1088,17613.0,1
1089,17162.0,0
1090,15407.0,0
1091,16951.0,1
1092,16842.0,1
1093,13475.0,0
1094,14959.0,0
1095,17175.0,0
1096,13489.0,0
1097,13951.0,0
1098,16566.0,0
1099,14162.0,0
1100,13301.0,0
1101,14803.0,0
1102,18155.0,0
1103,15146.0,0
1104,13038.0,0
1105,13184.0,1
1106,16394.0,0
1107,13865.0,0
1108,14289.0,0
1109,13149.0,0
1110,15932.0,1
1111,15974.0,1
1112,14880.0,0
1113,13630.0,1
1114,13636.0,1
1115,13675.0,0
1116,16187.0,1
1117,15656.0,0
1118,16462.0,0
1119,12428.0,1
1120,16678.0,1
1121,15104.0,0
1122,15643.0,0
1123,15053.0,0
1124,17652.0,1
1125,12541.0,0
1126,15220.0,1
1127,16449.0,0
1128,12584.0,1
1129,14903.0,1
1130,18211.0,1
1131,16621.0,0
1132,14214.0,0
1133,15806.0,0
1134,14407.0,1
1135,13908.0,1
1136,15206.0,0
1137,16572.0,1
1138,15632.0,1
1139,16475.0,0
1140,13265.0,0
1141,12520.0,1
1142,16801.0,0
1143,17164.0,0
1144,14352.0,0
1145,13956.0,0
1146,15671.0,1
1147,15106.0,1
1148,12994.0,0
1149,12597.0,0
1150,12955.0,1
1151,13533.0,0
1152,13631.0,1
1153,17725.0,1
1154,16672.0,1
1155,16626.0,1
1156,16023.0,0
1157,17795.0,0
1158,14232.0,1
1159,12407.0,0
1160,16728.0,0
1161,14223.0,0
1162,15669.0,1
1163,14245.0,0
1164,15132.0,1
1165,14711.0,1
1166,14377.0,0
1167,15449.0,0
1168,12818.0,0
1169,15644.0,0
1170,15815.0,0
1171,17979.0,0
1172,13743.0,1
1173,15045.0,0
1174,16245.0,1
1175,12669.0,0
1176,15624.0,0
1177,17874.0,0
1178,17719.0,1
1179,17398.0,0
1180,13588.0,1
1181,12456.0,1
1182,13720.0,0
1183,16657.0,0
1184,16398.0,0
1185,17088.0,0
1186,17781.0,0
1187,16609.0,1
1188,18263.0,0
1189,12569.0,1
1190,15756.0,0
1191,14719.0,0
1192,16696.0,0
1193,17042.0,0
1194,14246.0,1
1195,16837.0,1
1196,17054.0,0
1197,13232.0,0
1198,15214.0,0
1199,15737.0,0
1200,14273.0,1
1201,12363.0,0
1202,14111.0,1
1203,12463.0,0
1204,16309.0,0
1205,14262.0,1
1206,16966.0,0
1207,17704.0,0
1208,16249.0,1
1209,13811.0,0
1210,16806.0,0
1211,14323.0,0
1212,15172.0,0
1213,15491.0,1
1214,15508.0,0
1215,16633.0,1
1216,14759.0,1
1217,13505.0,1
1218,17061.0,1
1219,17630.0,0
1220,16750.0,0
1221,15108.0,0
1222,16942.0,1
1223,13637.0,0
1224,16637.0,1
1225,14973.0,1
1226,15952.0,0
1227,16370.0,1
1228,15376.0,1
1229,15582.0,1
1230,16230.0,0
1231,18146.0,0
1232,13524.0,1
1233,14948.0,0
1234,12593.0,0
1235,17527.0,0
1236,17522.0,0
1237,18235.0,1
1238,13741.0,0
1239,15258.0,0
1240,14005.0,1
1241,18142.0,0
1242,12700.0,1
1243,13003.0,0
1244,13492.0,1
1245,14397.0,1
1246,12684.0,0
1247,16644.0,0
1248,15187.0,1
1249,14883.0,0
1250,14364.0,1
1251,16184.0,1
1252,17932.0,0
1253,12757.0,1
1254,15907.0,0
1255,15440.0,0
1256,16076.0,1
1257,16877.0,0
1258,12674.0,0
1259,13456.0,0
1260,16818.0,1
1261,15116.0,1
1262,18150.0,0
1263,16038.0,0
1264,12710.0,0
1265,13885.0,0
1266,16091.0,0
1267,15804.0,1
1268,14287.0,0
1269,12815.0,0
1270,12493.0,0
1271,18232.0,0
1272,18073.0,1
1273,14823.0,0
1274,15897.0,0
1275,15925.0,0
1276,16483.0,0
1277,15163.0,0
1278,18204.0,1
1279,12473.0,1
1280,16969.0,0
1281,13917.0,0
1282,13062.0,0
1283,16484.0,0
1284,14453.0,0
1285,17900.0,0
1286,13437.0,1
1287,12517.0,1
1288,14500.0,1
1289,13248.0,0
1290,16967.0,0
1291,16659.0,0
1292,16682.0,0
1293,15453.0,1
1294,16963.0,0
1295,13682.0,0
1296,15349.0,0
1297,16849.0,0
1298,12535.0,0
1299,18248.0,1
1300,15386.0,0
1301,17252.0,0
1302,14542.0,0
1303,18072.0,0
1304,17015.0,0
1305,17124.0,0
1306,17828.0,1
1307,15743.0,0
1308,14622.0,0
1309,15609.0,0
1310,14561.0,0
1311,15238.0,0
1312,14132.0,1
1313,16113.0,0
1314,16107.0,1
1315,15679.0,0
1316,16581.0,0
1317,15267.0,0
1318,17234.0,0
1319,15411.0,1
1320,14178.0,1
1321,15098.0,0
1322,17265.0,0
1323,13517.0,1
1324,16342.0,0
1325,12732.0,0
1326,15036.0,0
1327,15069.0,0
1328,14503.0,0
1329,13343.0,0
1330,12624.0,1
1331,18165.0,0
1332,16324.0,0
1333,14222.0,0
1334,15585.0,0
1335,16257.0,0
1336,12816.0,0
1337,13826.0,0
1338,13575.0,1
1339,16852.0,0
1340,15014.0,0
1341,14765.0,0
1342,16869.0,0
1343,15909.0,0
1344,13618.0,0
1345,17879.0,0
1346,17562.0,1
1347,15334.0,0
1348,13568.0,0
1349,16744.0,1
1350,15700.0,0
1351,17444.0,1
1352,15840.0,0
1353,14808.0,1
1354,12904.0,0
1355,15825.0,0
1356,12432.0,0
1357,12830.0,0
1358,15507.0,0
1359,12930.0,0
1360,14960.0,0
1361,12444.0,1
1362,15412.0,0
1363,16114.0,0
1364,13420.0,0
1365,17877.0,0
1366,16247.0,0
1367,12919.0,0
1368,15130.0,0
1369,12704.0,1
1370,17370.0,0
1371,12465.0,0
1372,12697.0,0
1373,13791.0,1
1374,14795.0,0
1375,12548.0,0
1376,16671.0,0
1377,14351.0,0
1378,17391.0,0
1379,17750.0,1
1380,17997.0,1
1381,14383.0,0
1382,15537.0,0
1383,17837.0,1
1384,15578.0,0
1385,16498.0,0
1386,17891.0,0
1387,16866.0,0
1388,13730.0,0
1389,12922.0,0
1390,16009.0,0
1391,17939.0,0
1392,17312.0,0
1393,17899.0,0
1394,15007.0,0
1395,18265.0,0
1396,17024.0,0
1397,14034.0,0
1398,16616.0,0
1399,16338.0,0
1400,14002.0,0
1401,16929.0,0
1402,17892.0,0
1403,15505.0,1
1404,18013.0,0
1405,13681.0,0
1406,13486.0,0
1407,12461.0,0
1408,18121.0,0
1409,18024.0,0
1410,15467.0,0
1411,13678.0,0
1412,13058.0,0
1413,12556.0,0
1414,13224.0,0
1415,16989.0,0
1416,18122.0,1
1417,12722.0,0
1418,17405.0,0
1419,13311.0,0
1420,15895.0,0
1421,13667.0,0
1422,12405.0,0
1423,14862.0,0
1424,16488.0,0
1425,13933.0,0
1426,15839.0,0
1427,13994.0,1
1428,17554.0,1
1429,17948.0,0
1430,15004.0,0
1431,13507.0,1
1432,12833.0,0
1433,16474.0,0
1434,16762.0,0
1435,13940.0,0
1436,14029.0,0
1437,14117.0,0
1438,17779.0,0
1439,13991.0,0
1440,13827.0,0
1441,12560.0,1
1442,18180.0,1
1443,12521.0,0
1444,15802.0,0
1445,17229.0,0
1446,16464.0,1
1447,18143.0,1
1448,14259.0,0
1449,14517.0,0
1450,16041.0,0
1451,15829.0,0
1452,15232.0,0
1453,12438.0,0
1454,12627.0,1
1455,13563.0,0
1456,16305.0,0
1457,17724.0,0
1458,13116.0,0
1459,14019.0,0
1460,14100.0,0
1461,16557.0,0
1462,16364.0,0
1463,17693.0,0
1464,15618.0,0
1465,13930.0,0
1466,13379.0,0
1467,14305.0,1
1468,12397.0,0
1469,14331.0,0
1470,13925.0,0
1471,18237.0,0
1472,12453.0,0
1473,15118.0,0
1474,15746.0,0
1475,12743.0,0
1476,15942.0,0
1477,15120.0,0
1478,14143.0,0
1479,18081.0,0
1480,14511.0,1
1481,12716.0,0
1482,15776.0,0
1483,12981.0,0
1484,13928.0,1
1485,15438.0,0
1486,17173.0,1
1487,17053.0,0
1488,12534.0,1
1489,14567.0,1
1490,14937.0,1
1491,12828.0,0
1492,15342.0,0
1493,13075.0,0
1494,17788.0,1
1495,13850.0,1
1496,14076.0,0
1497,13805.0,1
1498,17887.0,0
1499,13186.0,1
1500,12750.0,0
1501,17656.0,1
1502,16102.0,1
1503,15089.0,1
1504,12689.0,0
1505,14768.0,0
1506,18099.0,0
1507,15205.0,0
1508,13218.0,0
1509,17267.0,0
1510,16302.0,0
1511,14720.0,0
1512,18282.0,0
1513,12610.0,1
1514,13200.0,0
1515,16066.0,1
1516,12885.0,0
1517,17331.0,0
1518,13016.0,0
1519,13355.0,0
1520,12384.0,0
1521,12571.0,0
1522,14116.0,1
1523,17653.0,1
1524,13645.0,0
1525,12381.0,1
1526,14406.0,0
1527,14658.0,0
1528,13621.0,0
1529,16272.0,0
1530,16902.0,1
1531,15706.0,1
1532,15315.0,1
1533,15653.0,0
1534,13159.0,1
1535,13189.0,0
1536,17637.0,0
1537,12641.0,0
1538,13470.0,0
1539,15541.0,0
1540,16734.0,0
1541,16706.0,0
1542,12688.0,1
1543,12729.0,0
1544,12962.0,0
1545,13273.0,0
1546,17736.0,0
1547,15472.0,0
1548,12680.0,0
1549,16582.0,0
1550,17747.0,0
1551,12513.0,0
1552,16828.0,0
1553,14772.0,0
1554,12364.0,1
1555,12968.0,0
1556,15701.0,1
1557,12518.0,1
1558,14529.0,0
1559,16536.0,0
1560,15313.0,0
1561,15801.0,1
1562,14387.0,1
1563,17073.0,1
1564,18147.0,0
1565,14523.0,0
1566,14418.0,0
1567,12642.0,0
1568,16968.0,0
1569,13411.0,0
1570,13236.0,0
1571,14196.0,1
1572,15263.0,0
1573,16093.0,0
1574,17844.0,0
1575,14050.0,1
1576,16429.0,0
1577,12715.0,0
1578,15663.0,0
1579,18200.0,0
1580,18167.0,1
1581,13644.0,1
1582,17451.0,1
1583,13812.0,1
1584,14141.0,1
1585,17183.0,1
1586,12814.0,0
1587,15866.0,0
1588,14660.0,1
1589,13726.0,1
1590,15690.0,0
1591,17777.0,1
1592,15362.0,0
1593,13635.0,0
1594,15413.0,0
1595,16167.0,0
1596,13293.0,0
1597,13916.0,0
1598,16329.0,0
1599,15461.0,0
1600,15614.0,0
1601,15091.0,0
1602,17804.0,0
1603,13545.0,0
1604,17998.0,0
1605,14478.0,0
1606,16887.0,0
1607,15945.0,0
1608,14865.0,0
1609,15485.0,0
1610,14061.0,0
1611,13648.0,0
1612,16563.0,0
1613,14302.0,0
1614,14894.0,0
1615,16202.0,0
1616,14425.0,0
1617,14653.0,0
1618,15542.0,0
1619,16467.0,0
1620,17476.0,0
1621,15287.0,0
1622,15680.0,0
1623,14204.0,0
1624,14396.0,0
1625,14122.0,0
1626,14987.0,0
1627,14080.0,0
1628,18001.0,0
1629,15989.0,0
1630,15255.0,0
1631,14838.0,0
1632,15965.0,0
1633,17322.0,0
1634,15466.0,0
1635,17465.0,0
1636,14967.0,0
1637,17853.0,0
1638,13786.0,0
1639,16736.0,0
1640,17851.0,0
1641,15884.0,0
1642,17343.0,0
1643,17432.0,0
1644,12577.0,0
1645,14564.0,0
1646,12525.0,0
1647,13948.0,0
1648,13807.0,0
1649,12349.0,0
1650,16699.0,0
1651,17127.0,0
1652,14087.0,0
1653,13733.0,0
1654,18181.0,0
1655,13329.0,0
1656,17421.0,0
1657,13679.0,0
1658,13958.0,0
1659,15420.0,0
1660,12975.0,0
1661,16104.0,0
1662,17150.0,0
1663,17244.0,0
1664,16485.0,0
1665,14608.0,0
1666,15983.0,0
1667,14454.0,0
1668,16718.0,0
1669,15751.0,0
1670,17561.0,0
1671,15822.0,0
1672,13211.0,0
1673,16773.0,0
1674,13019.0,0
1675,14940.0,0
1676,17044.0,0
1677,14590.0,0
1678,16702.0,0
1679,17270.0,0
1680,18259.0,0
1681,14136.0,0
1682,18002.0,0
1683,16560.0,0
1684,14861.0,0
1685,17371.0,0
1686,16400.0,0
1687,17852.0,0
1688,16732.0,0
1689,14494.0,0
1690,17978.0,0
1691,13915.0,0
1692,14063.0,0
1693,12785.0,0
1694,14605.0,0
1695,15823.0,0
1696,13855.0,0
1697,14679.0,0
1698,16204.0,0
1699,15633.0,0
1700,13872.0,0
1701,13202.0,0
1702,15403.0,0
1703,15911.0,0
1704,13770.0,0
1705,15441.0,0
1706,17880.0,0
1707,15077.0,0
1708,14134.0,0
1709,14942.0,0
1710,12978.0,0
1711,13173.0,0
1712,16596.0,0
1713,14043.0,0
1714,17032.0,0
1715,18276.0,0
1716,17627.0,0
1717,13542.0,0
1718,14319.0,0
1719,13874.0,0
1720,13415.0,0
1721,17860.0,0
1722,15196.0,0
1723,15169.0,0
1724,15503.0,0
1725,17172.0,0
1726,16830.0,0
1727,17290.0,0
1728,15446.0,0
1729,15562.0,0
1730,16190.0,0
1731,17908.0,0
1732,14372.0,0
1733,15015.0,0
1734,12926.0,0
1735,17623.0,0
1736,16125.0,0
1737,17251.0,0
1738,16858.0,0
1739,17233.0,0
1740,14966.0,0
1741,15070.0,0
1742,13823.0,0
1743,15566.0,0
1744,15637.0,0
1745,18286.0,0
1746,16197.0,0
1747,13074.0,0
1748,16119.0,0
1749,12586.0,0
1750,13403.0,0
1751,17776.0,0
1752,15055.0,0
1753,16742.0,0
1754,14484.0,0
1755,18006.0,0
1756,15428.0,0
1757,15782.0,0
1758,16720.0,0
1759,15879.0,0
1760,16772.0,0
1761,13921.0,0
1762,14949.0,0
1763,16282.0,0
1764,14119.0,0
1765,17182.0,0
1766,14480.0,0
1767,12440.0,0
1768,15064.0,0
1769,17807.0,0
1770,14839.0,0
1771,17950.0,0
1772,16017.0,0
1773,13965.0,0
1774,17753.0,0
1775,15266.0,0
1776,16888.0,0
1777,13594.0,0
1778,13360.0,0
1779,15607.0,0
1780,13259.0,0
1781,16787.0,0
1782,17222.0,0
1783,12959.0,0
1784,17113.0,0
1785,17740.0,0
1786,17023.0,0
1787,13433.0,0
1788,14225.0,0
1789,13696.0,0
1790,13152.0,0
1791,13787.0,0
1792,17496.0,0
1793,13233.0,0
1794,12789.0,0
1795,14324.0,0
1796,12631.0,0
1797,15224.0,0
1798,12813.0,0
1799,17801.0,0
1800,16510.0,0
1801,14420.0,0
1802,16524.0,0
1803,16166.0,0
1804,18057.0,0
1805,17773.0,0
1806,14343.0,0
1807,13877.0,0
1808,16087.0,0
1809,14413.0,0
1810,17307.0,0
1811,17963.0,0
1812,16727.0,0
1813,15191.0,0
1814,12986.0,0
1815,14714.0,0
1816,13889.0,0
1817,17335.0,0
1818,17141.0,0
1819,13729.0,0
1820,14986.0,0
1821,16795.0,0
1822,16004.0,0
1823,15259.0,0
1824,15003.0,0
1825,16281.0,0
1826,17726.0,0
1827,13514.0,0
1828,15766.0,0
1829,12745.0,0
1830,12454.0,0
1831,12858.0,0
1832,12696.0,0
1833,13776.0,0
1834,12497.0,0
1835,15702.0,0
1836,14358.0,0
1837,14365.0,0
1838,15798.0,0
1839,16430.0,0
1840,13820.0,0
1841,16535.0,0
1842,18194.0,0
1843,16262.0,0
1844,14469.0,0
1845,13480.0,0
1846,14249.0,0
1847,15013.0,0
1848,17137.0,0
1849,15385.0,0
1850,13443.0,0
1851,14306.0,0
1852,13897.0,0
1853,13478.0,0
1854,14370.0,0
1855,12800.0,0
1856,13511.0,0
1857,14821.0,0
1858,13156.0,0
1859,17350.0,0
1860,15564.0,0
1861,15803.0,0
1862,15279.0,0
1863,17163.0,0
1864,16300.0,0
1865,17876.0,0
1866,12805.0,0
1867,14399.0,0
1868,16583.0,0
1869,17281.0,0
1870,16412.0,0
1871,13783.0,0
1872,16986.0,0
1873,17309.0,0
1874,15784.0,0
1875,15580.0,0
1876,17342.0,0
1877,16246.0,0
1878,13304.0,0
1879,16781.0,0
1880,14115.0,0
1881,13288.0,0
1882,15807.0,0
1883,16895.0,0
1884,17547.0,0
1885,17258.0,0
1886,13446.0,0
1887,16608.0,0
1888,15425.0,0
1889,13587.0,0
1890,15272.0,0
1891,14909.0,0
1892,12391.0,0
1893,16860.0,0
1894,17241.0,0
1895,12960.0,0
1896,13503.0,0
1897,12972.0,0
1898,13613.0,0
1899,14322.0,0
1900,13773.0,0
1901,13431.0,0
1902,12898.0,0
1903,13579.0,0
1904,14686.0,0
1905,13333.0,0
1906,13957.0,0
1907,16574.0,0
1908,17145.0,0
1909,15774.0,0
1910,13980.0,0
1911,13540.0,0
1912,13434.0,0
1913,12389.0,0
1914,17081.0,0
1915,16416.0,0
1916,16406.0,0
1917,12998.0,0
1918,12907.0,0
1919,15439.0,0
1920,15659.0,0
1921,16118.0,0
1922,17200.0,0
1923,16677.0,0
1924,17534.0,0
1925,15366.0,0
1926,16631.0,0
1927,13598.0,0
1928,14807.0,0
1929,17760.0,0
1930,15664.0,0
1931,16939.0,0
1932,13010.0,0
1933,16521.0,0
1934,16519.0,0
1935,16946.0,0
1936,13797.0,0
1937,16177.0,0
1938,16636.0,0
1939,13214.0,0
1940,13595.0,0
1941,14142.0,0
1942,13377.0,0
1943,15084.0,0
1944,14097.0,0
1945,17847.0,0
1946,12371.0,0
1947,14186.0,0
1948,15094.0,0
1949,17006.0,0
1950,15978.0,0
1951,16331.0,0
1952,13201.0,0
1953,14877.0,0
1954,13276.0,0
1955,16310.0,0
1956,12369.0,0
1957,12765.0,0
1958,17025.0,0
1959,16568.0,0
1960,18039.0,0
1961,16854.0,0
1962,16707.0,0
1963,12542.0,0
1964,15221.0,0
1965,15008.0,0
1966,16347.0,0
1967,13795.0,0
1968,14824.0,0
1969,15941.0,0
1970,15994.0,0
1971,15946.0,0
1972,18063.0,0
1973,17478.0,0
1974,14872.0,0
1975,13275.0,0
1976,13371.0,0
1977,16254.0,0
1978,13406.0,0
1979,16336.0,0
1980,14427.0,0
1981,16977.0,0
1982,16108.0,0
1983,18247.0,0
1984,16199.0,0
1985,13150.0,0
1986,13464.0,0
1987,14316.0,0
1988,15650.0,0
1989,16039.0,0
1990,17552.0,0
1991,14355.0,0
1992,17640.0,0
1993,14166.0,0
1994,13252.0,0
1995,14729.0,0
1996,14026.0,0
1997,14202.0,0
1998,12870.0,0
1999,13187.0,0
2000,12791.0,0
2001,16286.0,0
2002,15789.0,0
2003,14994.0,0
2004,18215.0,0
2005,16601.0,0
2006,14253.0,0
2007,16934.0,0
2008,16784.0,0
2009,17518.0,0
2010,15141.0,0
2011,16176.0,0
2012,14492.0,0
2013,14882.0,0
2014,16658.0,0
2015,18025.0,0
2016,15792.0,0
2017,15741.0,0
2018,15454.0,0
2019,13361.0,0
2020,13582.0,0
2021,15173.0,0
2022,16130.0,0
2023,13710.0,0
2024,17497.0,0
2025,14813.0,0
2026,13278.0,0
2027,15331.0,0
2028,14275.0,0
2029,17608.0,0
2030,14011.0,0
2031,16372.0,0
2032,14430.0,0
2033,15268.0,0
2034,16259.0,0
2035,15890.0,0
2036,14624.0,0
2037,14569.0,0
2038,15814.0,0
2039,13734.0,0
2040,15972.0,0
2041,16921.0,0
2042,15451.0,0
2043,14926.0,0
2044,14611.0,0
2045,16864.0,0
2046,15886.0,0
2047,16472.0,0
2048,16231.0,0
2049,12588.0,0
2050,12504.0,0
2051,13346.0,0
2052,14182.0,0
2053,17181.0,0
2054,16868.0,0
2055,15600.0,0
2056,14563.0,0
2057,15111.0,0
2058,13281.0,0
2059,16354.0,0
2060,16138.0,0
2061,14237.0,0
2062,17635.0,0
2063,18049.0,0
2064,16648.0,0
2065,15101.0,0
2066,13041.0,0
2067,15180.0,0
2068,18141.0,0
2069,16827.0,0
2070,17021.0,0
2071,12806.0,0
2072,17005.0,0
2073,12374.0,0
2074,15418.0,0
2075,13465.0,0
2076,14634.0,0
2077,12725.0,0
2078,12503.0,0
2079,14025.0,0
2080,15488.0,0
2081,12958.0,0
2082,13713.0,0
2083,13024.0,0
2084,13891.0,0
2085,16890.0,0
2086,16632.0,0
2087,17292.0,0
2088,17003.0,0
2089,17482.0,0
2090,17545.0,0
2091,17321.0,0
2092,16307.0,0
2093,13103.0,0
2094,14014.0,0
2095,13295.0,0
2096,14707.0,0
2097,15012.0,0
2098,13998.0,0
2099,16993.0,0
2100,18197.0,0
2101,12923.0,0
2102,12880.0,0
2103,15723.0,0
2104,16588.0,0
2105,14296.0,0
2106,18258.0,0
2107,16932.0,0
2108,13857.0,0
2109,13605.0,0
2110,13541.0,0
2111,17413.0,0
2112,17382.0,0
2113,14283.0,0
2114,15401.0,0
2115,18011.0,0
2116,16290.0,0
2117,17785.0,0
2118,18060.0,0
2119,14168.0,0
2120,17205.0,0
2121,16075.0,0
2122,17327.0,0
2123,15900.0,0
2124,14181.0,0
2125,14938.0,0
2126,13920.0,0
2127,16234.0,0
2128,16391.0,0
2129,17699.0,0
2130,14069.0,0
2131,16101.0,0
2132,16691.0,0
2133,15341.0,0
2134,13602.0,0
2135,17741.0,0
2136,17822.0,0
2137,17745.0,0
2138,13472.0,0
2139,15887.0,0
2140,15714.0,0
2141,16565.0,0
2142,12874.0,0
2143,17683.0,0
2144,14486.0,0
2145,14902.0,0
2146,17235.0,0
2147,14734.0,0
2148,15958.0,0
2149,14028.0,0
2150,15471.0,0
2151,16382.0,0
2152,15872.0,0
2153,15551.0,0
2154,16048.0,0
2155,17713.0,0
2156,14260.0,0
2157,14230.0,0
2158,14615.0,0
2159,13065.0,0
2160,15207.0,0
2161,16679.0,0
2162,14618.0,0
2163,17996.0,0
2164,17691.0,0
2165,16499.0,0
2166,14228.0,0
2167,16021.0,0
2168,13559.0,0
2169,15361.0,0
2170,15817.0,0
2171,14139.0,0
2172,16001.0,0
2173,13297.0,0
2174,17952.0,0
2175,13567.0,0
2176,16134.0,0
2177,17098.0,0
2178,14508.0,0
2179,16155.0,0
2180,16815.0,0
2181,16894.0,0
2182,17380.0,0
2183,14725.0,0
2184,17310.0,0
2185,15248.0,0
2186,15043.0,0
2187,15629.0,0
2188,15824.0,0
2189,15779.0,0
2190,14058.0,0
2191,13861.0,0
2192,15264.0,0
2193,17812.0,0
2194,13129.0,0
2195,13123.0,0
2196,17326.0,0
2197,14020.0,0
2198,12788.0,0
2199,15430.0,0
2200,15842.0,0
2201,14398.0,0
2202,17666.0,0
2203,18053.0,0
2204,12575.0,0
2205,15888.0,0
2206,16926.0,0
2207,18217.0,0
2208,16032.0,0
2209,15627.0,0
2210,15678.0,0
2211,16576.0,0
2212,14452.0,0
2213,13909.0,0
2214,13677.0,0
2215,16650.0,0
2216,13399.0,0
2217,15283.0,0
2218,14516.0,0
2219,13779.0,0
2220,18238.0,0
2221,17143.0,0
2222,13428.0,0
2223,16435.0,0
2224,14610.0,0
2225,18123.0,0
2226,15332.0,0
2227,18096.0,0
2228,14007.0,0
2229,17559.0,0
2230,13255.0,0
2231,14084.0,0
2232,16251.0,0
2233,17968.0,0
2234,18021.0,0
2235,15908.0,0
2236,17680.0,0
2237,17541.0,0
2238,17261.0,0
2239,15151.0,0
2240,17339.0,0
2241,14674.0,0
2242,16089.0,0
2243,14599.0,0
2244,15788.0,0
2245,17395.0,0
2246,14922.0,0
2247,16129.0,0
2248,15617.0,0
2249,14797.0,0
2250,13913.0,0
2251,13444.0,0
2252,18074.0,0
2253,14858.0,0
2254,16975.0,0
2255,17643.0,0
2256,16165.0,0
2257,17918.0,0
2258,14236.0,0
2259,17177.0,0
2260,13788.0,0
2261,18026.0,0
2262,12595.0,0
2263,13665.0,0
2264,18132.0,0
2265,18244.0,0
2266,17112.0,0
2267,15431.0,0
2268,13250.0,0
2269,12889.0,0
2270,15378.0,0
2271,15080.0,0
2272,17494.0,0
2273,14435.0,0
2274,17224.0,0
2275,15142.0,0
2276,12801.0,0
2277,14384.0,0
2278,16219.0,0
2279,15873.0,0
2280,15284.0,0
2281,12804.0,0
2282,18207.0,0
2283,13796.0,0
2284,16937.0,0
2285,18264.0,0
2286,14833.0,0
2287,12737.0,0
2288,17168.0,0
2289,16428.0,0
2290,15459.0,0
2291,14455.0,0
2292,13766.0,0
2293,12862.0,0
2294,15666.0,0
2295,15200.0,0
2296,16060.0,0
2297,17665.0,0
2298,14219.0,0
2299,16417.0,0
2300,15387.0,0
2301,16334.0,0
2302,13084.0,0
2303,17156.0,0
2304,14521.0,0
2305,18154.0,0
2306,16196.0,0
2307,17132.0,0
2308,14575.0,0
2309,17393.0,0
2310,13653.0,0
2311,17732.0,0
2312,15595.0,0
2313,13045.0,0
2314,13839.0,0
2315,14144.0,0
2316,15837.0,0
2317,12771.0,0
2318,14822.0,0
2319,14736.0,0
2320,15652.0,0
2321,14630.0,0
2322,14550.0,0
2323,14153.0,0
2324,16345.0,0
2325,17300.0,0
2326,15893.0,0
2327,16468.0,0
2328,14996.0,0
2329,14183.0,0
2330,15050.0,0
2331,12687.0,0
2332,13063.0,0
2333,13945.0,0
2334,14531.0,0
2335,17430.0,0
2336,14749.0,0
2337,17513.0,0
2338,15072.0,0
2339,15310.0,0
2340,17792.0,0
2341,16675.0,0
2342,15154.0,0
2343,17599.0,0
2344,12851.0,0
2345,16299.0,0
2346,12519.0,0
2347,16562.0,0
2348,16294.0,0
2349,15322.0,0
2350,16396.0,0
2351,17471.0,0
2352,17689.0,0
2353,14767.0,0
2354,18140.0,0
2355,14187.0,0
2356,16314.0,0
2357,17336.0,0
2358,18124.0,0
2359,14787.0,0
2360,14268.0,0
2361,16375.0,0
2362,16288.0,0
2363,14544.0,0
2364,16421.0,0
2365,16870.0,0
2366,15936.0,0
2367,15166.0,0
2368,13922.0,0
2369,14433.0,0
2370,13714.0,0
2371,16819.0,0
2372,12761.0,0
2373,17215.0,0
2374,15677.0,0
2375,18182.0,0
2376,14908.0,0
2377,13992.0,0
2378,14086.0,0
2379,16100.0,0
2380,16289.0,0
2381,14753.0,0
2382,13032.0,0
2383,14318.0,0
2384,13785.0,0
2385,12859.0,0
2386,14968.0,0
2387,12605.0,0
2388,12819.0,0
2389,13683.0,0
2390,13076.0,0
2391,12777.0,0
2392,16972.0,0
2393,12460.0,0
2394,16886.0,0
2395,17456.0,0
2396,18255.0,0
2397,14328.0,0
2398,16095.0,0
2399,17762.0,0
2400,14444.0,0
2401,17473.0,0
2402,17366.0,0
2403,12760.0,0
2404,17369.0,0
2405,14445.0,0
2406,14635.0,0
2407,15992.0,0
2408,16799.0,0
2409,15006.0,0
2410,17383.0,0
2411,17728.0,0
2412,17308.0,0
2413,13440.0,0
2414,13537.0,0
2415,13312.0,0
2416,14363.0,0
2417,17149.0,0
2418,14381.0,0
2419,15966.0,0
2420,12768.0,0
2421,17403.0,0
2422,16522.0,0
2423,15685.0,0
2424,13374.0,0
2425,13424.0,0
2426,16646.0,0
2427,15962.0,0
2428,15748.0,0
2429,16371.0,0
2430,12554.0,0
2431,12425.0,0
2432,17743.0,0
2433,15876.0,0
2434,12543.0,0
2435,18089.0,0
2436,13701.0,0
2437,13554.0,0
2438,13067.0,0
2439,15519.0,0
2440,16264.0,0
2441,15870.0,0
2442,13702.0,0
2443,14212.0,0
2444,17055.0,0
2445,12850.0,0
2446,17167.0,0
2447,14668.0,0
2448,14906.0,0
2449,17834.0,0
2450,13375.0,0
2451,15473.0,0
2452,13689.0,0
2453,16465.0,0
2454,17480.0,0
2455,12751.0,0
2456,14169.0,0
2457,15728.0,0
2458,14126.0,0
2459,17161.0,0
2460,14933.0,0
2461,17840.0,0
2462,13910.0,0
2463,13205.0,0
2464,15761.0,0
2465,16857.0,0
2466,13519.0,0
2467,13264.0,0
2468,18107.0,0
2469,16856.0,0
2470,15476.0,0
2471,14992.0,0
2472,16140.0,0
2473,14802.0,0
2474,14094.0,0
2475,14269.0,0
2476,14806.0,0
2477,17919.0,0
2478,13290.0,0
2479,15616.0,0
2480,16879.0,0
2481,16211.0,0
2482,17524.0,0
2483,13687.0,0
2484,17280.0,0
2485,16362.0,0
2486,13073.0,0
2487,16269.0,0
2488,13970.0,0
2489,15347.0,0
2490,13386.0,0
2491,16198.0,0
2492,15871.0,0
2493,13927.0,0
2494,16237.0,0
2495,12964.0,0
2496,13639.0,0
2497,12946.0,0
2498,16783.0,0
2499,14843.0,0
2500,17257.0,0
2501,14510.0,0
2502,13105.0,0
2503,13257.0,0
2504,16489.0,0
2505,16490.0,0
2506,12661.0,0
2507,13556.0,0
2508,16368.0,0
2509,14953.0,0
2510,13966.0,0
2511,14742.0,0
2512,15736.0,0
2513,16958.0,0
2514,15960.0,0
2515,13108.0,0
2516,14568.0,0
2517,15243.0,0
2518,16044.0,0
2519,16630.0,0
2520,17533.0,0
2521,14303.0,0
2522,15276.0,0
2523,15190.0,0
2524,16606.0,0
2525,18266.0,0
2526,13380.0,0
2527,17022.0,0
2528,13674.0,0
2529,16848.0,0
2530,14254.0,0
2531,15351.0,0
2532,14310.0,0
2533,15859.0,0
2534,14392.0,0
2535,14008.0,0
2536,13245.0,0
2537,16312.0,0
2538,14579.0,0
2539,13326.0,0
2540,13367.0,0
2541,16476.0,0
2542,13441.0,0
2543,18284.0,0
2544,14065.0,0
2545,12486.0,0
2546,15392.0,0
2547,15778.0,0
2548,13177.0,0
2549,13964.0,0
2550,14991.0,0
2551,15490.0,0
2552,14663.0,0
2553,17657.0,0
2554,13306.0,0
2555,16760.0,0
2556,15857.0,0
2557,14120.0,0
2558,13033.0,0
2559,13022.0,0
2560,15934.0,0
2561,16437.0,0
2562,13818.0,0
2563,17008.0,0
2564,13423.0,0
2565,17525.0,0
2566,12511.0,0
2567,17249.0,0
2568,14490.0,0
2569,14118.0,0
2570,12903.0,0
2571,13569.0,0
2572,17354.0,0
2573,14266.0,0
2574,17424.0,0
2575,16411.0,0
2576,15931.0,0
2577,16111.0,0
2578,15598.0,0
2579,17196.0,0
2580,14904.0,0
2581,14846.0,0
2582,16579.0,0
2583,15177.0,0
2584,15645.0,0
2585,13083.0,0
2586,14571.0,0
2587,17111.0,0
2588,15277.0,0
2589,13747.0,0
2590,14756.0,0
2591,15948.0,0
2592,14412.0,0
2593,17264.0,0
2594,12797.0,0
2595,16527.0,0
2596,17004.0,0
2597,17755.0,0
2598,17273.0,0
2599,17710.0,0
2600,13912.0,0
2601,12655.0,0
2602,14746.0,0
2603,17104.0,0
2604,13968.0,0
2605,14263.0,0
2606,16263.0,0
2607,12467.0,0
2608,17944.0,0
2609,12629.0,0
2610,13378.0,0
2611,16238.0,0
2612,15202.0,0
2613,17814.0,0
2614,13832.0,0
2615,16120.0,0
2616,12900.0,0
2617,15242.0,0
2618,14929.0,0
2619,18090.0,0
2620,17717.0,0
2621,16935.0,0
2622,15735.0,0
2623,17751.0,0
2624,16991.0,0
2625,14975.0,0
2626,15160.0,0
2627,17823.0,0
2628,14956.0,0
2629,13829.0,0
2630,17510.0,0
2631,17202.0,0
2632,17390.0,0
2633,15957.0,0
2634,12445.0,0
2635,17687.0,0
2636,15686.0,0
2637,17938.0,0
2638,17316.0,0
2639,13463.0,0
2640,14781.0,0
2641,15688.0,0
2642,16381.0,0
2643,15772.0,0
2644,12376.0,0
2645,16069.0,0
2646,12699.0,0
2647,13387.0,0
2648,16141.0,0
2649,13088.0,0
2650,15710.0,0
2651,17219.0,0
2652,15011.0,0
2653,14585.0,0
2654,17967.0,0
2655,17397.0,0
2656,13840.0,0
2657,13981.0,0
2658,14617.0,0
2659,18066.0,0
2660,15377.0,0
2661,16776.0,0
2662,15501.0,0
2663,16916.0,0
2664,16903.0,0
2665,15647.0,0
2666,14612.0,0
2667,17038.0,0
2668,12387.0,0
2669,16590.0,0
2670,13195.0,0
2671,13836.0,0
2672,12400.0,0
2673,15995.0,0
2674,18243.0,0
2675,14216.0,0
2676,16540.0,0
2677,12899.0,0
2678,12973.0,0
2679,12419.0,0
2680,14945.0,0
2681,13746.0,0
2682,16491.0,0
2683,14728.0,0
2684,13165.0,0
2685,13241.0,0
2686,16024.0,0
2687,17407.0,0
2688,16445.0,0
2689,16373.0,0
2690,17260.0,0
2691,13574.0,0
2692,17435.0,0
2693,16920.0,0
2694,13977.0,0
2695,18110.0,0
2696,15337.0,0
2697,14197.0,0
2698,17981.0,0
2699,15294.0,0
2700,14718.0,0
2701,17767.0,0
2702,12475.0,0
2703,12411.0,0
2704,16863.0,0
2705,14673.0,0
2706,16785.0,0
2707,13363.0,0
2708,16962.0,0
2709,14278.0,0
2710,13578.0,0
2711,13274.0,0
2712,13906.0,0
2713,15773.0,0
2714,15536.0,0
2715,15390.0,0
2716,12537.0,0
2717,12563.0,0
2718,16433.0,0
2719,13547.0,0
2720,17000.0,0
2721,14281.0,0
2722,15328.0,0
2723,15285.0,0
2724,16343.0,0
2725,16183.0,0
2726,14294.0,0
2727,16635.0,0
2728,15170.0,0
2729,17934.0,0
2730,17821.0,0
2731,13580.0,0
2732,16058.0,0
2733,14213.0,0
2734,12608.0,0
2735,16724.0,0
2736,18278.0,0
2737,14848.0,0
2738,17951.0,0
2739,14429.0,0
2740,16876.0,0
2741,14777.0,0
2742,13359.0,0
2743,13597.0,0
2744,17121.0,0
2745,13607.0,0
2746,13535.0,0
2747,13251.0,0
2748,17276.0,0
2749,17363.0,0
2750,17170.0,0
2751,12855.0,0
2752,13215.0,0
2753,15458.0,0
2754,13331.0,0
2755,15915.0,0
2756,16865.0,0
2757,15336.0,0
2758,15233.0,0
2759,15158.0,0
2760,17254.0,0
2761,16542.0,0
2762,15481.0,0
2763,13034.0,0
2764,13987.0,0
2765,12914.0,0
2766,17286.0,0
2767,17977.0,0
2768,13303.0,0
2769,13172.0,0
2770,13660.0,0
2771,13903.0,0
2772,16228.0,0
2773,13646.0,0
2774,13996.0,0
2775,15560.0,0
2776,16640.0,0
2777,18083.0,0
2778,14203.0,0
2779,16559.0,0
2780,12892.0,0
2781,17084.0,0
2782,14927.0,0
2783,16420.0,0
2784,13738.0,0
2785,18098.0,0
2786,13691.0,0
2787,15635.0,0
2788,17274.0,0
2789,16223.0,0
2790,17208.0,0
2791,17467.0,0
2792,17983.0,0
2793,16740.0,0
2794,17878.0,0
2795,14170.0,0
2796,14899.0,0
2797,13721.0,0
2798,12927.0,0
2799,13671.0,0
2800,15131.0,0
2801,17756.0,0
2802,15001.0,0
2803,13096.0,0
2804,12739.0,0
2805,15028.0,0
2806,17903.0,0
2807,15368.0,0
2808,12666.0,0
2809,16662.0,0
2810,16786.0,0
2811,15138.0,0
2812,17688.0,0
2813,16284.0,0
2814,17558.0,0
2815,17815.0,0
2816,12803.0,0
2817,18050.0,0
2818,18054.0,0
2819,15468.0,0
2820,18007.0,0
2821,17772.0,0
2822,14082.0,0
2823,17210.0,0
2824,12734.0,0
2825,17803.0,0
2826,13961.0,0
2827,14052.0,0
2828,16687.0,0
2829,17495.0,0
2830,15269.0,0
2831,16074.0,0
2832,17544.0,0
2833,14559.0,0
2834,15726.0,0
2835,14382.0,0
2836,17992.0,0
2837,14526.0,0
2838,17106.0,0
2839,16602.0,0
2840,13353.0,0
2841,14675.0,0
2842,17203.0,0
2843,15968.0,0
2844,13624.0,0
2845,13789.0,0
2846,15161.0,0
2847,14192.0,0
2848,18256.0,0
2849,13237.0,0
2850,14417.0,0
2851,12847.0,0
2852,14811.0,0
2853,15515.0,0
2854,12890.0,0
2855,18195.0,0
2856,15649.0,0
2857,14405.0,0
2858,13864.0,0
2859,14614.0,0
2860,17355.0,0
2861,12807.0,0
2862,16973.0,0
2863,17089.0,0
2864,17868.0,0
2865,17532.0,0
2866,14932.0,0
2867,17269.0,0
2868,16936.0,0
2869,16599.0,0
2870,16885.0,0
2871,17433.0,0
2872,18035.0,0
2873,15846.0,0
2874,16346.0,0
2875,17493.0,0
2876,12887.0,0
2877,15155.0,0
2878,16367.0,0
2879,17275.0,0
2880,16501.0,0
2881,17036.0,0
2882,15350.0,0
2883,13550.0,0
2884,15634.0,0
2885,17782.0,0
2886,13086.0,0
2887,16252.0,0
2888,15525.0,0
2889,16812.0,0
2890,13651.0,0
2891,15986.0,0
2892,16821.0,0
2893,17458.0,0
2894,17237.0,0
2895,17570.0,0
2896,17872.0,0
2897,18047.0,0
2898,14252.0,0
2899,17766.0,0
2900,13181.0,0
2901,17598.0,0
2902,13843.0,0
2903,14458.0,0
2904,18076.0,0
2905,15509.0,0
2906,15902.0,0
2907,16988.0,0
2908,14721.0,0
2909,16874.0,0
2910,15020.0,0
2911,14487.0,0
2912,15495.0,0
2913,17989.0,0
2914,17882.0,0
2915,12385.0,0
2916,15961.0,0
2917,12961.0,0
2918,18031.0,0
2919,17283.0,0
2920,12538.0,0
2921,17999.0,0
2922,15914.0,0
2923,15037.0,0
2924,17607.0,0
2925,15583.0,0
2926,18003.0,0
2927,16893.0,0
2928,13254.0,0
2929,12996.0,0
2930,12767.0,0
2931,15404.0,0
2932,15540.0,0
2933,18034.0,0
2934,16413.0,0
2935,16194.0,0
2936,16355.0,0
2937,12351.0,0
2938,15828.0,0
2939,17468.0,0
2940,17826.0,0
2941,17378.0,0
2942,15922.0,0
2943,14594.0,0
2944,15165.0,0
2945,16274.0,0
2946,17855.0,0
2947,17925.0,0
2948,15923.0,0
2949,16752.0,0
2950,17964.0,0
2951,17976.0,0
2952,16995.0,0
2953,13011.0,0
2954,14576.0,0
2955,12738.0,0
2956,12686.0,0
2957,13370.0,0
2958,12427.0,0
2959,14589.0,0
2960,17198.0,0
2961,15545.0,0
2962,18156.0,0
2963,15880.0,0
2964,17674.0,0
2965,15899.0,0
2966,15919.0,0
2967,18113.0,0
2968,13030.0,0
2969,18119.0,0
2970,12386.0,0
2971,12441.0,0
2972,18269.0,0
2973,13270.0,0
2974,13369.0,0
2975,15211.0,0
2976,14448.0,0
2977,18004.0,0
2978,16665.0,0
2979,17303.0,0
2980,14150.0,0
2981,13496.0,0
2982,17551.0,0
2983,17752.0,0
2984,14373.0,0
2985,18176.0,0
2986,12551.0,0
2987,15204.0,0
2988,12944.0,0
2989,15460.0,0
2990,16270.0,0
2991,12515.0,0
2992,13817.0,0
2993,15464.0,0
2994,12489.0,0
2995,14889.0,0
2996,12636.0,0
2997,17592.0,0
2998,12533.0,0
2999,13768.0,0
3000,17641.0,0
3001,17056.0,0
3002,13526.0,0
3003,14654.0,0
3004,15662.0,0
3005,14558.0,0
3006,17485.0,0
3007,13585.0,0
3008,13442.0,0
3009,17246.0,0
3010,14831.0,0
3011,17087.0,0
3012,14799.0,0
3013,17818.0,0
3014,15833.0,0
3015,13457.0,0
3016,17909.0,0
3017,17606.0,0
3018,14106.0,0
3019,14980.0,0
3020,15794.0,0
3021,14771.0,0
3022,16301.0,0
3023,14347.0,0
3024,12934.0,0
3025,17209.0,0
3026,13416.0,0
3027,17271.0,0
3028,17679.0,0
3029,14750.0,0
3030,16645.0,0
3031,13175.0,0
3032,16192.0,0
3033,16541.0,0
3034,15999.0,0
3035,14979.0,0
3036,15309.0,0
3037,15767.0,0
3038,17151.0,0
3039,16451.0,0
3040,15684.0,0
3041,13641.0,0
3042,16410.0,0
3043,16158.0,0
3044,15484.0,0
3045,16277.0,0
3046,14468.0,0
3047,15878.0,0
3048,14717.0,0
3049,16964.0,0
3050,17916.0,0
3051,17610.0,0
3052,15479.0,0
3053,14123.0,0
3054,16436.0,0
3055,14003.0,0
3056,17557.0,0
3057,14695.0,0
3058,15115.0,0
3059,14955.0,0
3060,13905.0,0
3061,13190.0,0
3062,14471.0,0
3063,13234.0,0
3064,16404.0,0
3065,14574.0,0
3066,18162.0,0
3067,17441.0,0
3068,12677.0,0
3069,13042.0,0
3070,12443.0,0
3071,14763.0,0
3072,13393.0,0
3073,13025.0,0
3074,18271.0,0
3075,17067.0,0
3076,13091.0,0
3077,15162.0,0
3078,14925.0,0
3079,14337.0,0
3080,16703.0,0
3081,13204.0,0
3082,15924.0,0
3083,17178.0,0
3084,18275.0,0
3085,15317.0,0
3086,16822.0,0
3087,14864.0,0
3088,12746.0,0
3089,18070.0,0
3090,16853.0,0
3091,13112.0,0
3092,15137.0,0
3093,12487.0,0
3094,12896.0,0
3095,13114.0,0
3096,18051.0,0
3097,16802.0,0
3098,15302.0,0
3099,13727.0,0
3100,14990.0,0
3101,14171.0,0
3102,17296.0,0
3103,17184.0,0
3104,13825.0,0
3105,13498.0,0
3106,15209.0,0
3107,15085.0,0
3108,15642.0,0
3109,16459.0,0
3110,16663.0,0
3111,15573.0,0
3112,12979.0,0
3113,16901.0,0
3114,16798.0,0
3115,14519.0,0
3116,17344.0,0
3117,16580.0,0
3118,17681.0,0
3119,17645.0,0
3120,16220.0,0
3121,16512.0,0
3122,17487.0,0
3123,14685.0,0
3124,15956.0,0
3125,16127.0,0
3126,17539.0,0
3127,17066.0,0
3128,14751.0,0
3129,13087.0,0
3130,17910.0,0
3131,12439.0,0
3132,14977.0,0
3133,17825.0,0
3134,15534.0,0
3135,17318.0,0
3136,15188.0,0
3137,14042.0,0
3138,16280.0,0
3139,12920.0,0
3140,16064.0,0
3141,12992.0,0
3142,15672.0,0
3143,17012.0,0
3144,12941.0,0
3145,16749.0,0
3146,16605.0,0
3147,16366.0,0
3148,13289.0,0
3149,15499.0,0
3150,18012.0,0
3151,17833.0,0
3152,16195.0,0
3153,16569.0,0
3154,16694.0,0
3155,18201.0,0
3156,17662.0,0
3157,18186.0,0
3158,14095.0,0
3159,16908.0,0
3160,17103.0,0
3161,16439.0,0
3162,16661.0,0
3163,13039.0,0
3164,13834.0,0
3165,17638.0,0
3166,17927.0,0
3167,16296.0,0
3168,17028.0,0
3169,15409.0,0
3170,13847.0,0
3171,13111.0,0
3172,17632.0,0
3173,14151.0,0
3174,13287.0,0
3175,14969.0,0
3176,14954.0,0
3177,16862.0,0
3178,15324.0,0
3179,13749.0,0
3180,15586.0,0
3181,14160.0,0
3182,14091.0,0
3183,18115.0,0
3184,17529.0,0
3185,12549.0,0
3186,17945.0,0
3187,13622.0,0
3188,17352.0,0
3189,14137.0,0
3190,14826.0,0
3191,16585.0,0
3192,16304.0,0
3193,18134.0,0
3194,15359.0,0
3195,15771.0,0
3196,16452.0,0
3197,12860.0,0
3198,13907.0,0
3199,13616.0,0
3200,14892.0,0
3201,15375.0,0
3202,15697.0,0
3203,16867.0,0
3204,12470.0,0
3205,13315.0,0
3206,14983.0,0
3207,14556.0,0
3208,17794.0,0
3209,17875.0,0
3210,14207.0,0
3211,13543.0,0
3212,15682.0,0
3213,15126.0,0
3214,13413.0,0
3215,14274.0,0
3216,12531.0,0
3217,17780.0,0
3218,13036.0,0
3219,14879.0,0
3220,12703.0,0
3221,15711.0,0
3222,14070.0,0
3223,17810.0,0
3224,18199.0,0
3225,14376.0,0
3226,16481.0,0
3227,13459.0,0
3228,12905.0,0
3229,15959.0,0
3230,16154.0,0
3231,12606.0,0
3232,13054.0,0
3233,15383.0,0
3234,12706.0,0
3235,12404.0,0
3236,16840.0,0
3237,12382.0,0
3238,12466.0,0
3239,16291.0,0
3240,12555.0,0
3241,12846.0,0
3242,16575.0,0
3243,13664.0,0
3244,16047.0,0
3245,17130.0,0
3246,15357.0,0
3247,13528.0,0
3248,14380.0,0
3249,12570.0,0
3250,13698.0,0
3251,16051.0,0
3252,12869.0,0
3253,14279.0,0
3254,17982.0,0
3255,14613.0,0
3256,16137.0,0
3257,17943.0,0
3258,15487.0,0
3259,16673.0,0
3260,16390.0,0
3261,15943.0,0
3262,15588.0,0
3263,13392.0,0
3264,15338.0,0
3265,14637.0,0
3266,15022.0,0
3267,12810.0,0
3268,12711.0,0
3269,16415.0,0
3270,13628.0,0
3271,18175.0,0
3272,12848.0,0
3273,16067.0,0
3274,13553.0,0
3275,13757.0,0
3276,12396.0,0
3277,13619.0,0
3278,14545.0,0
3279,15591.0,0
3280,17328.0,0
3281,18267.0,0
3282,13009.0,0
3283,16704.0,0
3284,16082.0,0
3285,14884.0,0
3286,17294.0,0
3287,17647.0,0
3288,17319.0,0
3289,15892.0,0
3290,13119.0,0
3291,17577.0,0
3292,15082.0,0
3293,12663.0,0
3294,16530.0,0
3295,12932.0,0
3296,18058.0,0
3297,15176.0,0
3298,13164.0,0
3299,12776.0,0
3300,17201.0,0
3301,17575.0,0
3302,16577.0,0
3303,15765.0,0
3304,14072.0,0
3305,14190.0,0
3306,16978.0,0
3307,15293.0,0
3308,15504.0,0
3309,15278.0,0
3310,14103.0,0
3311,14827.0,0
3312,17108.0,0
3313,15538.0,0
3314,17285.0,0
3315,15964.0,0
3316,14943.0,0
3317,17136.0,0
3318,15371.0,0
3319,16544.0,0
3320,15323.0,0
3321,14369.0,0
3322,14989.0,0
3323,13407.0,0
3324,17778.0,0
3325,16911.0,0
3326,18285.0,0
3327,14244.0,0
3328,13020.0,0
3329,15693.0,0
3330,17721.0,0
3331,18153.0,0
3332,14783.0,0
3333,16487.0,0
3334,13604.0,0
3335,13191.0,0
3336,12416.0,0
3337,15988.0,0
3338,17332.0,0
3339,15928.0,0
3340,14602.0,0
3341,16273.0,0
3342,13163.0,0
3343,17439.0,0
3344,17195.0,0
3345,16071.0,0
3346,14726.0,0
3347,15295.0,0
3348,13490.0,0
3349,16388.0,0
3350,14284.0,0
3351,13765.0,0
3352,13944.0,0
3353,13469.0,0
3354,14402.0,0
3355,13935.0,0
3356,17207.0,0
3357,17011.0,0
3358,15477.0,0
3359,18046.0,0
3360,14131.0,0
3361,17305.0,0
3362,17359.0,0
3363,16731.0,0
3364,15603.0,0
3365,17116.0,0
3366,17330.0,0
3367,17477.0,0
3368,15927.0,0
3369,13793.0,0
3370,18148.0,0
3371,17020.0,0
3372,18152.0,0
3373,16285.0,0
3374,15875.0,0
3375,13879.0,0
3376,14018.0,0
3377,12568.0,0
3378,15929.0,0
3379,14172.0,0
3380,18253.0,0
3381,15631.0,0
3382,18029.0,0
3383,16534.0,0
3384,12825.0,0
3385,16537.0,0
3386,17488.0,0
3387,13454.0,0
3388,17661.0,0
3389,15250.0,0
3390,12495.0,0
3391,17907.0,0
3392,12638.0,0
3393,16846.0,0
3394,15558.0,0
3395,12954.0,0
3396,12692.0,0
3397,13724.0,0
3398,13688.0,0
3399,13530.0,0
3400,12366.0,0
3401,14604.0,0
3402,17568.0,0
3403,17479.0,0
3404,13612.0,0
3405,17933.0,0
3406,18131.0,0
3407,18187.0,0
3408,13057.0,0
3409,15496.0,0
3410,13128.0,0
3411,15760.0,0
3412,17445.0,0
3413,14939.0,0
3414,16508.0,0
3415,16514.0,0
3416,14832.0,0
3417,17587.0,0
3418,16397.0,0
3419,12796.0,0
3420,12368.0,0
3421,14928.0,0
3422,16132.0,0
3423,14464.0,0
3424,14596.0,0
3425,16970.0,0
3426,16578.0,0
3427,16615.0,0
3428,12918.0,0
3429,13445.0,0
3430,16669.0,0
3431,16994.0,0
3432,13896.0,0
3433,16077.0,0
3434,12742.0,0
3435,16002.0,0
3436,15086.0,0
3437,16741.0,0
3438,17072.0,0
3439,15896.0,0
3440,13100.0,0
3441,16090.0,0
3442,17301.0,0
3443,13409.0,0
3444,13401.0,0
3445,17484.0,0
3446,14313.0,0
3447,15698.0,0
3448,14330.0,0
3449,18166.0,0
3450,14537.0,0
3451,14074.0,0
3452,15848.0,0
3453,13053.0,0
3454,14378.0,0
3455,15423.0,0
3456,15231.0,0
3457,16666.0,0
3458,14809.0,0
3459,16502.0,0
3460,12496.0,0
3461,13412.0,0
3462,13051.0,0
3463,12861.0,0
3464,15029.0,0
3465,15715.0,0
3466,15575.0,0
3467,17586.0,0
3468,15742.0,0
3469,13676.0,0
3470,15216.0,0
3471,14706.0,0
3472,13179.0,0
3473,16845.0,0
3474,16847.0,0
3475,13219.0,0
3476,14893.0,0
3477,14200.0,0
3478,15997.0,0
3479,17993.0,0
3480,14835.0,0
3481,14694.0,0
3482,15770.0,0
3483,13071.0,0
3484,13432.0,0
3485,17563.0,0
3486,16941.0,0
3487,15112.0,0
3488,13640.0,0
3489,13852.0,0
3490,15613.0,0
3491,17805.0,0
3492,13197.0,0
3493,16944.0,0
3494,12786.0,0
3495,13180.0,0
3496,17221.0,0
3497,15524.0,0
3498,14791.0,0
3499,15546.0,0
3500,12671.0,0
3501,14914.0,0
3502,12459.0,0
3503,15982.0,0
3504,17039.0,0
3505,13878.0,0
3506,18174.0,0
3507,17013.0,0
3508,13661.0,0
3509,17452.0,0
3510,13633.0,0
3511,15354.0,0
3512,12969.0,0
3513,15979.0,0
3514,17626.0,0
3515,17842.0,0
3516,13286.0,0
3517,14845.0,0
3518,17474.0,0
3519,15273.0,0
3520,16548.0,0
3521,12780.0,0
3522,16151.0,0
3523,14812.0,0
3524,12983.0,0
3525,17622.0,0
3526,17185.0,0
3527,15455.0,0
3528,14917.0,0
3529,13625.0,0
3530,15849.0,0
3531,17729.0,0
3532,17240.0,0
3533,14788.0,0
3534,17057.0,0
3535,15474.0,0
3536,16028.0,0
3537,15548.0,0
3538,16538.0,0
3539,16068.0,0
3540,18091.0,0
3541,13609.0,0
3542,14677.0,0
3543,17093.0,0
3544,14743.0,0
3545,14773.0,0
3546,12925.0,0
3547,14999.0,0
3548,17959.0,0
3549,16088.0,0
3550,16543.0,0
3551,12392.0,0
3552,16408.0,0
3553,16267.0,0
3554,13775.0,0
3555,14724.0,0
3556,17605.0,0
3557,12698.0,0
3558,18111.0,0
3559,15954.0,0
3560,14650.0,0
3561,15818.0,0
3562,14683.0,0
3563,16651.0,0
3564,17565.0,0
3565,15229.0,0
3566,15183.0,0
3567,13143.0,0
3568,18163.0,0
3569,15391.0,0
3570,18028.0,0
3571,15868.0,0
3572,15097.0,0
3573,13400.0,0
3574,16844.0,0
3575,17199.0,0
3576,13342.0,0
3577,13974.0,0
3578,17225.0,0
3579,17798.0,0
3580,13830.0,0
3581,14814.0,0
3582,18254.0,0
3583,17808.0,0
3584,13007.0,0
3585,14474.0,0
3586,14678.0,0
3587,14941.0,0
3588,14361.0,0
3589,14588.0,0
3590,17077.0,0
3591,12675.0,0
3592,16737.0,0
3593,13943.0,0
3594,13222.0,0
3595,14391.0,0
3596,17016.0,0
3597,17845.0,0
3598,15470.0,0
3599,14039.0,0
3600,15597.0,0
3601,12894.0,0
3602,15478.0,0
3603,16922.0,0
3604,16507.0,0
3605,14982.0,0
3606,18157.0,0
3607,14017.0,0
3608,17617.0,0
3609,16884.0,0
3610,15282.0,0
3611,14325.0,0
3612,14598.0,0
3613,16564.0,0
3614,16664.0,0
3615,15025.0,0
3616,15559.0,0
3617,16604.0,0
3618,14671.0,0
3619,18208.0,0
3620,14010.0,0
3621,12632.0,0
3622,16831.0,0
3623,14394.0,0
3624,16974.0,0
3625,18052.0,0
3626,12773.0,0
3627,18000.0,0
3628,14993.0,0
3629,15217.0,0
3630,16328.0,0
3631,17074.0,0
3632,16715.0,0
3633,16046.0,0
3634,15340.0,0
3635,16695.0,0
3636,14876.0,0
3637,17583.0,0
3638,16035.0,0
3639,12499.0,0
3640,18038.0,0
3641,15305.0,0
3642,14033.0,0
3643,16896.0,0
3644,17216.0,0
3645,18214.0,0
3646,15731.0,0
3647,14436.0,0
3648,18206.0,0
3649,18234.0,0
3650,12911.0,0
3651,14208.0,0
3652,17915.0,0
3653,18137.0,0
3654,13056.0,0
3655,17009.0,0
3656,14786.0,0
3657,18100.0,0
3658,15720.0,0
3659,17784.0,0
3660,13997.0,0
3661,17543.0,0
3662,18103.0,0
3663,14308.0,0
3664,17417.0,0
3665,15352.0,0
3666,16453.0,0
3667,17971.0,0
3668,12634.0,0
3669,13438.0,0
3670,15102.0,0
3671,17902.0,0
3672,13794.0,0
3673,16547.0,0
3674,13337.0,0
3675,17546.0,0
3676,14255.0,0
3677,13231.0,0
3678,14581.0,0
3679,16622.0,0
3680,13383.0,0
3681,18020.0,0
3682,15905.0,0
3683,17922.0,0
3684,15816.0,0
3685,15926.0,0
3686,18042.0,0
3687,15040.0,0
3688,13586.0,0
3689,14374.0,0
3690,15432.0,0
3691,17401.0,0
3692,16492.0,0
3693,13608.0,0
3694,13335.0,0
3695,16925.0,0
3696,17953.0,0
3697,18023.0,0
3698,16981.0,0
3699,15718.0,0
3700,17399.0,0
3701,14919.0,0
3702,16486.0,0
3703,18128.0,0
3704,12469.0,0
3705,17192.0,0
3706,12774.0,0
3707,14874.0,0
3708,14793.0,0
3709,16680.0,0
3710,13942.0,0
3711,14509.0,0
3712,15991.0,0
3713,17304.0,0
3714,15913.0,0
3715,16683.0,0
3716,12741.0,0
3717,17099.0,0
3718,16733.0,0
3719,17437.0,0
3720,12784.0,0
3721,12485.0,0
3722,12799.0,0
3723,14774.0,0
3724,12529.0,0
3725,13620.0,0
3726,13739.0,0
3727,15486.0,0
3728,17748.0,0
3729,15851.0,0
3730,14366.0,0
3731,13125.0,0
3732,12953.0,0
3733,14900.0,0
3734,17901.0,0
3735,12403.0,0
3736,12730.0,0
3737,16443.0,0
3738,17129.0,0
3739,16649.0,0
3740,15056.0,0
3741,15127.0,0
3742,18279.0,0
3743,14580.0,0
3744,13758.0,0
3745,16321.0,0
3746,17700.0,0
3747,16714.0,0
3748,12913.0,0
3749,15793.0,0
3750,15326.0,0
3751,13711.0,0
3752,18287.0,0
3753,16620.0,0
3754,17345.0,0
3755,13819.0,0
3756,13748.0,0
3757,12842.0,0
3758,14000.0,0
3759,16823.0,0
3760,16163.0,0
3761,15759.0,0
3762,12755.0,0
3763,13623.0,0
3764,14440.0,0
3765,13740.0,0
3766,14467.0,0
3767,18108.0,0
3768,16086.0,0
3769,14739.0,0
3770,16233.0,0
3771,17412.0,0
3772,14549.0,0
3773,15917.0,0
3774,13800.0,0
3775,14915.0,0
3776,13753.0,0
3777,13931.0,0
3778,17035.0,0
3779,16159.0,0
3780,17411.0,0
3781,15179.0,0
3782,13485.0,0
3783,15953.0,0
3784,16497.0,0
3785,17764.0,0
3786,13531.0,0
3787,12937.0,0
3788,17329.0,0
3789,14644.0,0
3790,14662.0,0
3791,14277.0,0
3792,13666.0,0
3793,13946.0,0
3794,17076.0,0
3795,15109.0,0
3796,12970.0,0
3797,16351.0,0
3798,15514.0,0
3799,13487.0,0
3800,17018.0,0
3801,18071.0,0
3802,14238.0,0
3803,15223.0,0
3804,12820.0,0
3805,15057.0,0
3806,14896.0,0
3807,17406.0,0
3808,14479.0,0
3809,15691.0,0
3810,16124.0,0
3811,14113.0,0
3812,14828.0,0
3813,13693.0,0
3814,17508.0,0
3815,13495.0,0
3816,17436.0,0
3817,14540.0,0
3818,14670.0,0
3819,15421.0,0
3820,17990.0,0
3821,17047.0,0
3822,16735.0,0
3823,14295.0,0
3824,13382.0,0
3825,15079.0,0
3826,14290.0,0
3827,18145.0,0
3828,15456.0,0
3829,17230.0,0
3830,15903.0,0
3831,15935.0,0
3832,16253.0,0
3833,13883.0,0
3834,13557.0,0
3835,14817.0,0
3836,13455.0,0
3837,13672.0,0
3838,12924.0,0
3839,14173.0,0
3840,14211.0,0
3841,16709.0,0
3842,16933.0,0
3843,13848.0,0
3844,16748.0,0
3845,16057.0,0
3846,15367.0,0
3847,15032.0,0
3848,15882.0,0
3849,17239.0,0
3850,16905.0,0
3851,17165.0,0
3852,16293.0,0
3853,13077.0,0
3854,12854.0,0
3855,15197.0,0
3856,16917.0,0
3857,16094.0,0
3858,14627.0,0
3859,14130.0,0
3860,16442.0,0
3861,13026.0,0
3862,14161.0,0
3863,15944.0,0
3864,14514.0,0
3865,12346.0,0
3866,17886.0,0
3867,16769.0,0
3868,17075.0,0
3869,12613.0,0
3870,13591.0,0
3871,16554.0,0
3872,17572.0,0
3873,17082.0,0
3874,17262.0,0
3875,18220.0,0
3876,17095.0,0
3877,13405.0,0
3878,17816.0,0
3879,14897.0,0
3880,15393.0,0
3881,13473.0,0
3882,12956.0,0
3883,15394.0,0
3884,17646.0,0
3885,15222.0,0
3886,13008.0,0
3887,12997.0,0
3888,17526.0,0
3889,15321.0,0
3890,16148.0,0
3891,14555.0,0
3892,16600.0,0
3893,16222.0,0
3894,15497.0,0
3895,17324.0,0
3896,13781.0,0
3897,14105.0,0
3898,17624.0,0
3899,16792.0,0
3900,15865.0,0
3901,17362.0,0
3902,15100.0,0
3903,14465.0,0
3904,16109.0,0
3905,14532.0,0
3906,13762.0,0
3907,18242.0,0
3908,17147.0,0
3909,12623.0,0
3910,14154.0,0
3911,16414.0,0
3912,14256.0,0
3913,16660.0,0
3914,14423.0,0
3915,15605.0,0
3916,18106.0,0
3917,17871.0,0
3918,15489.0,0
3919,14421.0,0
3920,14441.0,0
3921,14754.0,0
3922,14442.0,0
3923,14715.0,0
3924,12733.0,0
3925,17245.0,0
3926,17356.0,0
3927,14595.0,0
3928,16085.0,0
3929,16634.0,0
3930,14431.0,0
3931,14320.0,0
3932,15885.0,0
3933,14439.0,0
3934,13192.0,0
3935,16229.0,0
3936,17460.0,0
3937,13249.0,0
3938,14522.0,0
3939,15696.0,0
3940,17142.0,0
3941,14870.0,0
3942,15303.0,0
3943,14628.0,0
3944,12857.0,0
3945,14538.0,0
3946,13650.0,0
3947,12361.0,0
3948,14912.0,0
3949,12792.0,0
3950,17672.0,0
3951,12873.0,0
3952,15695.0,0
3953,15638.0,0
3954,14551.0,0
3955,17604.0,0
3956,13101.0,0
3957,14672.0,0
3958,15563.0,0
3959,14068.0,0
3960,18212.0,0
3961,17176.0,0
3962,14047.0,0
3963,13584.0,0
3964,16454.0,0
3965,17311.0,0
3966,15448.0,0
3967,16834.0,0
3968,14497.0,0
3969,15732.0,0
3970,12373.0,0
3971,15167.0,0
3972,17138.0,0
3973,15365.0,0
3974,15422.0,0
3975,12402.0,0
3976,17550.0,0
3977,16212.0,0
3978,13497.0,0
3979,13417.0,0
3980,16078.0,0
3981,15339.0,0
3982,12665.0,0
3983,12370.0,0
3984,13976.0,0
3985,13092.0,0
3986,12670.0,0
3987,16992.0,0
3988,17685.0,0
3989,15244.0,0
3990,13551.0,0
3991,13223.0,0
3992,17226.0,0
3993,12976.0,0
3994,17955.0,0
3995,16136.0,0
3996,13421.0,0
3997,16838.0,0
3998,18179.0,0
3999,16584.0,0
4000,17171.0,0
4001,17789.0,0
4002,13659.0,0
4003,18218.0,0
4004,14890.0,0
4005,14152.0,0
4006,17763.0,0
4007,16693.0,0
4008,12945.0,0
4009,16619.0,0
4010,15754.0,0
4011,17829.0,0
4012,13052.0,0
4013,14681.0,0
4014,16208.0,0
4015,17358.0,0
4016,16471.0,0
4017,18009.0,0
4018,13652.0,0
4019,14770.0,0
4020,17883.0,0
4021,16913.0,0
4022,15990.0,0
4023,13561.0,0
4024,16037.0,0
4025,13126.0,0
4026,16947.0,0
4027,14157.0,0
4028,16096.0,0
4029,15030.0,0
4030,17718.0,0
4031,14957.0,0
4032,13544.0,0
4033,15630.0,0
4034,14233.0,0
4035,13508.0,0
4036,14205.0,0
4037,17158.0,0
4038,15847.0,0
4039,17325.0,0
4040,17542.0,0
4041,12514.0,0
4042,16275.0,0
4043,17002.0,0
4044,17438.0,0
4045,15437.0,0
4046,14147.0,0
4047,16756.0,0
4048,13484.0,0
4049,17348.0,0
4050,14924.0,0
4051,16387.0,0
4052,17228.0,0
4053,13573.0,0
4054,16586.0,0
4055,18149.0,0
4056,17849.0,0
4057,14195.0,0
4058,13600.0,0
4059,15227.0,0
4060,15123.0,0
4061,14873.0,0
4062,14496.0,0
4063,12701.0,0
4064,16777.0,0
4065,18196.0,0
4066,15775.0,0
4067,14651.0,0
4068,13243.0,0
4069,16943.0,0
4070,17838.0,0
4071,16716.0,0
4072,16008.0,0
4073,14851.0,0
4074,18085.0,0
4075,18078.0,0
4076,12639.0,0
4077,13151.0,0
4078,13482.0,0
4079,16441.0,0
4080,13706.0,0
4081,14762.0,0
4082,15869.0,0
4083,18189.0,0
4084,15447.0,0
4085,18188.0,0
4086,17582.0,0
4087,16833.0,0
4088,15552.0,0
4089,17827.0,0
4090,14805.0,0
4091,15068.0,0
4092,13684.0,0
4093,16036.0,0
4094,17664.0,0
4095,16455.0,0
4096,14935.0,0
4097,17217.0,0
4098,13803.0,0
4099,17889.0,0
4100,13059.0,0
4101,18056.0,0
4102,16377.0,0
4103,13196.0,0
4104,14489.0,0
4105,18173.0,0
4106,15215.0,0
4107,12770.0,0
4108,13723.0,0
4109,12821.0,0
4110,16369.0,0
4111,13712.0,0
4112,17746.0,0
4113,15062.0,0
4114,18246.0,0
4115,16341.0,0
4116,15067.0,0
4117,15590.0,0
4118,14114.0,0
4119,12982.0,0
4120,14853.0,0
4121,12943.0,0
4122,17594.0,0
4123,16105.0,0
4124,17678.0,0
4125,14988.0,0
4126,13262.0,0
4127,17540.0,0
4128,18095.0,0
4129,15970.0,0
4130,16256.0,0
4131,13963.0,0
4132,12625.0,0
4133,15651.0,0
4134,14655.0,0
4135,12672.0,0
4136,15042.0,0
4137,13863.0,0
4138,13760.0,0
4139,15717.0,0
4140,14665.0,0
4141,17715.0,0
4142,16623.0,0
4143,17991.0,0
4144,12849.0,0
4145,14978.0,0
4146,13539.0,0
4147,18273.0,0
4148,12876.0,0
4149,16384.0,0
4150,15445.0,0
4151,17771.0,0
4152,12863.0,0
4153,12377.0,0
4154,15709.0,0
4155,16374.0,0
4156,15426.0,0
4157,17555.0,0
4158,14962.0,0
4159,16135.0,0
4160,13512.0,0
4161,15381.0,0
4162,17597.0,0
4163,14272.0,0
4164,14129.0,0
4165,17135.0,0
4166,15661.0,0
4167,16323.0,0
4168,12582.0,0
4169,12580.0,0
4170,15199.0,0
4171,13892.0,0
4172,15210.0,0
4173,13719.0,0
4174,17928.0,0
4175,14304.0,0
4176,15071.0,0
4177,13501.0,0
4178,14744.0,0
4179,15636.0,0
4180,14220.0,0
4181,15777.0,0
4182,14850.0,0
4183,15826.0,0
4184,14311.0,0
4185,12355.0,0
4186,17898.0,0
4187,16121.0,0
4188,12974.0,0
4189,17278.0,0
4190,14920.0,0
4191,16185.0,0
4192,13324.0,0
4193,13989.0,0
4194,17862.0,0
4195,13169.0,0
4196,17499.0,0
4197,16392.0,0
4198,16518.0,0
4199,15135.0,0
4200,15980.0,0
4201,15670.0,0
4202,15246.0,0
4203,14859.0,0
4204,16356.0,0
4205,14128.0,0
4206,14247.0,0
4207,17515.0,0
4208,12829.0,0
4209,14616.0,0
4210,13502.0,0
4211,15757.0,0
4212,14727.0,0
4213,13601.0,0
4214,17923.0,0
4215,16625.0,0
4216,12897.0,0
4217,16500.0,0
4218,13168.0,0
4219,14619.0,0
4220,14075.0,0
4221,14840.0,0
4222,13707.0,0
4223,16315.0,0
4224,15081.0,0
4225,16227.0,0
4226,14326.0,0
4227,16539.0,0
4228,14199.0,0
4229,17194.0,0
4230,13859.0,0
4231,12527.0,0
4232,13299.0,0
4233,13649.0,0
4234,13292.0,0
4235,13439.0,0
4236,17187.0,0
4237,17080.0,0
4238,14693.0,0
4239,14699.0,0
4240,14647.0,0
4241,17376.0,0
4242,12592.0,0
4243,12963.0,0
4244,17492.0,0
4245,14248.0,0
4246,16469.0,0
4247,17714.0,0
4248,17034.0,0
4249,17783.0,0
4250,15452.0,0
4251,13959.0,0
4252,14553.0,0
4253,17090.0,0
4254,12866.0,0
4255,12410.0,0
4256,13239.0,0
4257,13161.0,0
4258,12547.0,0
4259,17109.0,0
4260,13474.0,0
4261,18277.0,0
4262,16440.0,0
4263,18048.0,0
4264,15363.0,0
4265,13155.0,0
4266,13135.0,0
4267,15262.0,0
4268,12458.0,0
4269,14631.0,0
4270,14794.0,0
4271,17212.0,0
4272,14022.0,0
4273,16221.0,0
4274,18227.0,0
4275,17639.0,0
4276,16043.0,0
4277,14379.0,0
4278,13479.0,0
4279,18191.0,0
4280,16770.0,0
4281,13452.0,0
4282,14229.0,0
4283,13548.0,0
4284,16448.0,0
4285,14482.0,0
4286,13884.0,0
4287,17384.0,0
4288,12651.0,0
4289,12573.0,0
4290,12414.0,0
4291,12831.0,0
4292,15424.0,0
4293,14009.0,0
4294,15092.0,0
4295,13809.0,0
4296,13506.0,0
4297,15543.0,0
4298,13133.0,0
4299,13046.0,0
4300,15406.0,0
4301,15107.0,0
4302,16690.0,0
4303,18136.0,0
4304,16080.0,0
4305,17392.0,0
4306,15026.0,0
4307,17255.0,0
4308,15599.0,0
4309,14761.0,0
4310,12578.0,0
4311,14570.0,0
4312,16546.0,0
4313,16692.0,0
4314,14934.0,0
4315,14226.0,0
4316,12871.0,0
4317,17062.0,0
4318,13118.0,0
4319,12348.0,0
4320,13962.0,0
4321,12817.0,0
4322,16306.0,0
4323,17521.0,0
4324,13002.0,0
4325,12652.0,0
4326,18270.0,0
4327,13642.0,0
4328,15143.0,0
4329,15579.0,0
4330,14353.0,0
4331,13144.0,0
4332,15730.0,0
4333,15346.0,0
4334,16061.0,0
4335,13035.0,0
4336,16446.0,0
4337,14470.0,0
4338,14350.0,0
4339,13055.0,0
4340,15973.0,0
4341,14339.0,0
4342,12393.0,0
4343,16980.0,0
4344,15314.0,0
4345,16350.0,0
4346,17864.0,0
4347,12811.0,0
4348,13362.0,0
4349,12356.0,0
4350,13546.0,0
4351,13368.0,0
4352,17094.0,0
4353,14981.0,0
4354,14240.0,0
4355,16643.0,0
4356,18239.0,0
4357,13792.0,0
4358,16990.0,0
4359,16418.0,0
4360,17580.0,0
4361,17817.0,0
4362,17796.0,0
4363,15626.0,0
4364,13692.0,0
4365,16676.0,0
4366,13516.0,0
4367,13703.0,0
4368,16642.0,0
4369,17924.0,0
4370,15257.0,0
4371,14148.0,0
4372,13166.0,0
4373,13581.0,0
4374,16226.0,0
4375,16010.0,0
4376,17843.0,0
4377,13898.0,0
4378,13565.0,0
4379,16726.0,0
4380,15174.0,0
4381,16193.0,0
4382,15620.0,0
4383,16034.0,0
4384,16757.0,0
4385,14271.0,0
4386,15940.0,0
4387,16639.0,0
4388,12505.0,0
4389,12591.0,0
4390,12353.0,0
4391,17974.0,0
4392,17334.0,0
4393,15729.0,0
4394,14206.0,0
4395,12413.0,0
4396,16016.0,0
4397,13310.0,0
4398,12673.0,0
4399,12793.0,0
4400,13049.0,0
4401,15724.0,0
4402,13258.0,0
4403,14447.0,0
4404,13846.0,0
4405,17033.0,0
4406,14193.0,0
4407,17548.0,0
4408,17374.0,0
4409,17288.0,0
4410,18280.0,0
4411,17423.0,0
4412,13226.0,0
4413,14600.0,0
4414,13365.0,0
4415,12352.0,0
4416,13309.0,0
4417,14784.0,0
4418,16399.0,0
4419,18084.0,0
4420,12616.0,0
4421,15235.0,0
4422,16386.0,0
4423,16006.0,0
4424,17418.0,0
4425,17995.0,0
4426,16250.0,0
4427,14446.0,0
4428,18160.0,0
4429,13124.0,0
4430,12967.0,0
4431,12728.0,0
4432,18210.0,0
4433,14419.0,0
4434,16765.0,0
4435,14048.0,0
4436,14176.0,0
4437,12434.0,0
4438,15951.0,0
4439,17744.0,0
4440,17601.0,0
4441,13626.0,0
4442,17556.0,0
4443,15212.0,0
4444,17912.0,0
4445,17223.0,0
4446,16552.0,0
4447,16244.0,0
4448,16402.0,0
4449,15894.0,0
4450,15018.0,0
4451,18043.0,0
4452,15881.0,0
4453,17917.0,0
4454,17890.0,0
4455,13221.0,0
4456,17214.0,0
4457,14985.0,0
4458,12585.0,0
4459,12735.0,0
4460,12501.0,0
4461,15139.0,0
4462,17128.0,0
4463,18032.0,0
4464,16850.0,0
4465,12736.0,0
4466,17569.0,0
4467,14270.0,0
4468,14185.0,0
4469,15171.0,0
4470,13284.0,0
4471,15510.0,0
4472,13385.0,0
4473,15213.0,0
4474,15316.0,0
4475,18233.0,0
4476,14242.0,0
4477,16997.0,0
4478,15395.0,0
4479,14428.0,0
4480,14090.0,0
4481,14779.0,0
4482,16618.0,0
4483,17277.0,0
4484,13068.0,0
4485,14368.0,0
4486,12559.0,0
4487,14782.0,0
4488,15820.0,0
4489,13396.0,0
4490,16730.0,0
4491,15052.0,0
4492,13837.0,0
4493,17118.0,0
4494,17786.0,0
4495,16882.0,0
4496,12764.0,0
4497,18125.0,0
4498,13328.0,0
4499,12574.0,0
4500,16897.0,0
4501,15415.0,0
4502,17431.0,0
4503,16403.0,0
4504,17619.0,0
4505,13606.0,0
4506,13494.0,0
4507,18202.0,0
4508,14457.0,0
4509,15589.0,0
4510,14411.0,0
4511,15226.0,0
4512,16378.0,0
4513,13894.0,0
4514,18250.0,0
4515,12350.0,0
4516,16405.0,0
4517,16030.0,0
4518,17507.0,0
4519,12754.0,0
4520,17517.0,0
4521,17291.0,0
4522,15090.0,0
4523,14438.0,0
4524,17859.0,0
4525,15753.0,0
4526,17881.0,0
4527,15843.0,0
4528,17537.0,0
4529,12401.0,0
4530,12462.0,0
4531,12561.0,0
4532,16425.0,0
4533,18159.0,0
4534,13171.0,0
4535,16084.0,0
4536,15236.0,0
4537,16738.0,0
4538,13893.0,0
4539,16431.0,0
4540,16073.0,0
4541,14760.0,0
4542,16509.0,0
4543,14386.0,0
4544,12372.0,0
4545,16494.0,0
4546,13718.0,0
4547,12654.0,0
4548,18138.0,0
4549,14371.0,0
4550,12852.0,0
4551,13904.0,0
4552,13932.0,0
4553,13744.0,0
4554,12988.0,0
4555,12707.0,0
4556,12365.0,0
4557,14520.0,0
4558,16349.0,0
4559,18114.0,0
4560,12845.0,0
4561,16573.0,0
4562,15397.0,0
4563,17711.0,0
4564,18068.0,0
4565,17830.0,0
4566,12565.0,0
4567,15121.0,0
4568,17117.0,0
4569,13751.0,0
4570,13345.0,0
4571,13973.0,0
4572,13493.0,0
4573,13261.0,0
4574,16598.0,0
4575,12781.0,0
4576,14036.0,0
4577,16667.0,0
4578,16339.0,0
4579,12509.0,0
4580,14046.0,0
4581,16427.0,0
4582,17462.0,0
4583,14620.0,0
4584,15676.0,0
4585,12679.0,0
4586,15319.0,0
4587,16389.0,0
4588,15733.0,0
4589,12834.0,0
4590,17770.0,0
4591,14473.0,0
4592,16217.0,0
4593,16957.0,0
4594,15087.0,0
4595,17856.0,0
4596,14995.0,0
4597,17535.0,0
4598,14504.0,0
4599,15554.0,0
4600,12614.0,0
4601,13344.0,0
4602,14012.0,0
4603,17654.0,0
4604,16517.0,0
4605,15234.0,0
4606,14586.0,0
4607,16426.0,0
4608,16495.0,0
4609,14336.0,0
4610,12881.0,0
4611,14165.0,0
4612,14297.0,0
4613,13899.0,0
4614,18183.0,0
4615,14603.0,0
4616,15308.0,0
4617,18086.0,0
4618,16778.0,0
4619,16808.0,0
4620,15049.0,0
4621,16766.0,0
4622,13043.0,0
4623,13708.0,0
4624,16871.0,0
4625,15388.0,0
4626,16804.0,0
4627,13499.0,0
4628,15047.0,0
4629,13716.0,0
4630,13121.0,0
4631,16297.0,0
4632,16152.0,0
4633,14636.0,0
4634,13358.0,0
4635,13185.0,0
4636,13216.0,0
4637,15433.0,0
4638,16216.0,0
4639,16976.0,0
4640,15648.0,0
4641,13072.0,0
4642,14059.0,0
4643,14066.0,0
4644,15019.0,0
4645,14041.0,0
4646,17060.0,0
4647,12878.0,0
4648,14155.0,0
4649,14633.0,0
4650,15703.0,0
4651,14071.0,0
4652,12902.0,0
4653,13592.0,0
4654,15408.0,0
4655,13934.0,0
4656,18224.0,0
4657,14632.0,0
4658,17272.0,0
4659,15457.0,0
4660,16721.0,0
4661,17733.0,0
4662,17102.0,0
4663,12604.0,0
4664,13132.0,0
4665,17486.0,0
4666,12564.0,0
4667,17250.0,0
4668,13341.0,0
4669,17698.0,0
4670,16022.0,0
4671,16063.0,0
4672,15178.0,0
4673,14348.0,0
4674,12545.0,0
4675,14536.0,0
4676,17946.0,0
4677,14476.0,0
4678,15083.0,0
4679,18010.0,0
4680,12888.0,0
4681,17775.0,0
4682,15364.0,0
4683,15832.0,0
4684,15528.0,0
4685,13060.0,0
4686,16698.0,0
4687,13918.0,0
4688,14886.0,0
4689,13841.0,0
4690,17701.0,0
4691,16162.0,0
4692,14023.0,0
4693,16142.0,0
4694,18185.0,0
4695,17956.0,0
4696,14747.0,0
4697,15442.0,0
4698,15145.0,0
4699,13525.0,0
4700,17140.0,0
4701,14964.0,0
4702,16031.0,0
4703,17906.0,0
4704,16144.0,0
4705,13731.0,0
4706,13950.0,0
4707,18040.0,0
4708,15119.0,0
4709,12999.0,0
4710,12447.0,0
4711,13570.0,0
4712,18129.0,0
4713,15655.0,0
4714,17574.0,0
4715,18080.0,0
4716,12596.0,0
4717,15414.0,0
4718,17972.0,0
4719,16697.0,0
4720,14931.0,0
4721,15230.0,0
4722,16097.0,0
4723,13122.0,0
4724,15147.0,0
4725,15813.0,0
4726,17058.0,0
4727,13120.0,0
4728,12769.0,0
4729,17367.0,0
4730,18213.0,0
4731,15745.0,0
4732,17697.0,0
4733,16617.0,0
4734,15594.0,0
4735,13376.0,0
4736,15225.0,0
4737,15436.0,0
4738,15517.0,0
4739,17120.0,0
4740,12506.0,0
4741,13389.0,0
4742,12354.0,0
4743,16587.0,0
4744,12622.0,0
4745,17670.0,0
4746,15237.0,0
4747,16965.0,0
4748,15891.0,0
4749,13229.0,0
4750,17893.0,0
4751,16055.0,0
4752,14149.0,0
4753,17501.0,0
4754,17443.0,0
4755,12886.0,0
4756,16610.0,0
4757,17394.0,0
4758,14340.0,0
4759,16457.0,0
4760,14697.0,0
4761,13867.0,0
4762,14393.0,0
4763,15668.0,0
4764,16319.0,0
4765,17174.0,0
4766,12394.0,0
4767,17410.0,0
4768,18120.0,0
4769,14288.0,0
4770,15063.0,0
4771,14591.0,0
4772,13990.0,0
4773,14691.0,0
4774,17489.0,0
4775,13404.0,0
4776,14731.0,0
4777,18133.0,0
4778,13235.0,0
4779,16116.0,0
4780,17658.0,0
4781,17970.0,0
4782,14689.0,0
4783,15333.0,0
4784,17263.0,0
4785,14888.0,0
4786,12690.0,0
4787,13572.0,0
4788,13529.0,0
4789,12620.0,0
4790,16463.0,0
4791,13887.0,0
4792,17166.0,0
4793,13391.0,0
4794,17455.0,0
4795,13972.0,0
4796,13227.0,0
4797,13657.0,0
4798,14921.0,0
4799,15292.0,0
4800,15705.0,0
4801,13339.0,0
4802,13737.0,0
4803,14705.0,0
4804,14816.0,0
4805,16624.0,0
4806,14280.0,0
4807,14110.0,1
4808,17238.0,1
4809,16011.0,1
4810,15998.0,0
4811,13394.0,1
4812,16393.0,1
4813,14040.0,1
4814,13599.0,1
4815,15719.0,1
4816,12490.0,1
4817,17611.0,1
4818,13097.0,1
4819,13590.0,1
4820,14030.0,1
4821,15984.0,1
4822,17091.0,0
4823,12836.0,1
4824,17961.0,1
4825,13381.0,1
4826,15750.0,0
4827,17191.0,0
4828,16700.0,1
4829,16550.0,1
4830,13269.0,1
4831,15581.0,1
4832,16200.0,0
4833,12437.0,0
4834,12705.0,1
4835,15194.0,1
4836,12484.0,1
4837,16918.0,0
4838,14159.0,1
4839,17287.0,1
4840,14057.0,1
4841,17017.0,1
4842,13468.0,1
4843,17576.0,1
4844,14755.0,1
4845,18168.0,0
4846,16791.0,1
4847,16558.0,1
4848,17372.0,0
4849,14713.0,1
4850,16722.0,1
4851,15755.0,1
4852,12714.0,1
4853,17160.0,1
4854,18223.0,1
4855,16891.0,1
4856,16710.0,1
4857,15382.0,0
4858,17593.0,1
4859,18225.0,1
4860,13999.0,1
4861,12359.0,0
4862,12417.0,1
4863,15059.0,1
4864,15260.0,1
4865,12583.0,1
4866,15555.0,1
4867,17085.0,1
4868,16395.0,0
4869,13373.0,0
4870,15547.0,1
4871,16686.0,1
4872,12839.0,1
4873,16556.0,1
4874,13148.0,1
4875,17364.0,1
4876,17231.0,1
4877,13267.0,1
4878,13571.0,1
4879,16940.0,0
4880,15031.0,1
4881,14085.0,1
4882,15298.0,1
4883,17612.0,1
4884,14291.0,1
4885,16945.0,1
4886,16782.0,1
4887,17954.0,1
4888,14505.0,1
4889,16186.0,1
4890,17861.0,1
4891,14099.0,1
4892,15805.0,1
4893,16670.0,1
4894,15738.0,1
4895,17696.0,1
4896,14702.0,1
4897,12957.0,0
4898,16470.0,1
4899,13418.0,1
4900,13668.0,1
4901,16719.0,1
4902,13317.0,0
4903,13735.0,0
4904,17802.0,0
4905,14525.0,1
4906,12683.0,1
4907,16409.0,1
4908,17799.0,0
4909,13013.0,1
4910,17965.0,1
4911,14796.0,1
4912,15867.0,1
4913,13004.0,1
4914,17625.0,1
4915,16713.0,1
4916,17596.0,1
4917,18260.0,0
4918,13050.0,1
4919,12971.0,1
4920,13047.0,1
4921,14415.0,1
4922,14329.0,1
4923,12867.0,0
4924,15862.0,1
4925,14422.0,0
4926,17400.0,1
4927,14112.0,1
4928,16592.0,1
4929,15518.0,1
4930,13871.0,1
4931,15521.0,1
4932,13610.0,1
4933,15622.0,0
4934,15874.0,0
4935,14016.0,1
4936,18231.0,0
4937,13634.0,1
4938,13709.0,1
4939,17757.0,1
4940,18041.0,1
4941,15046.0,1
4942,12431.0,1
4943,14451.0,0
4944,13869.0,1
4945,14461.0,1
4946,17769.0,1
4947,14388.0,1
4948,17220.0,1
4949,14530.0,1
4950,13527.0,1
4951,15296.0,1
4952,15727.0,1
4953,14701.0,0
4954,16255.0,1
4955,14044.0,1
4956,13488.0,1
4957,15218.0,1
4958,15950.0,1
4959,17059.0,1
4960,17050.0,0
4961,16326.0,1
4962,15544.0,1
4963,15861.0,1
4964,16923.0,1
4965,16655.0,1
4966,17365.0,0
4967,13975.0,1
4968,17092.0,1
4969,16081.0,0
4970,15023.0,1
4971,16788.0,1
4972,14562.0,1
4973,14227.0,0
4974,16161.0,1
4975,17774.0,1
4976,13985.0,1
4977,16873.0,1
4978,12474.0,1
4979,12567.0,1
4980,17931.0,1
4981,17426.0,0
4982,16938.0,0
4983,16170.0,1
4984,18178.0,1
4985,18283.0,0
4986,14878.0,0
4987,15493.0,1
4988,14535.0,1
4989,13334.0,0
4990,16283.0,1
4991,18069.0,0
4992,13018.0,1
4993,13593.0,1
4994,16520.0,0
4995,17049.0,1
4996,14426.0,1
4997,17448.0,1
4998,18226.0,1
4999,15443.0,1
5000,13764.0,1
5001,16984.0,1
5002,18245.0,1
5003,17338.0,1
5004,14534.0,1
5005,16242.0,0
5006,13230.0,0
5007,17673.0,0
5008,13451.0,1
5009,14175.0,1
5010,16444.0,0
5011,13969.0,1
5012,16794.0,1
5013,14704.0,1
5014,15249.0,1
5015,14572.0,1
5016,15570.0,1
5017,17068.0,1
5018,14583.0,0
5019,16456.0,1
5020,17602.0,1
5021,12662.0,1
5022,14049.0,0
5023,16814.0,1
5024,12481.0,0
5025,17346.0,1
5026,14395.0,0
5027,16145.0,1
5028,14936.0,1
5029,13102.0,1
5030,13838.0,1
5031,16115.0,1
5032,16059.0,0
5033,17758.0,1
5034,16458.0,1
5035,15502.0,1
5036,16340.0,1
5037,15976.0,0
5038,14498.0,1
5039,15532.0,1
5040,15150.0,1
5041,16007.0,0
5042,12637.0,1
5043,13069.0,1
5044,15786.0,1
5045,17686.0,1
5046,12451.0,1
5047,18109.0,1
5048,14963.0,0
5049,13246.0,0
5050,13534.0,1
5051,12841.0,1
5052,17921.0,1
5053,12720.0,1
5054,13137.0,1
5055,12476.0,1
5056,15021.0,0
5057,15271.0,1
5058,17975.0,1
5059,16033.0,1
5060,17585.0,1
5061,16919.0,1
5062,14243.0,1
5063,17126.0,0
5064,15752.0,1
5065,14688.0,1
5066,16005.0,0
5067,17811.0,1
5068,17284.0,1
5069,17315.0,1
5070,14410.0,1
5071,14800.0,1
5072,15281.0,1
5073,14390.0,1
5074,15834.0,0
5075,15356.0,1
5076,18055.0,1
5077,13263.0,1
5078,16904.0,1
5079,16241.0,1
5080,12766.0,1
5081,16712.0,1
5082,16931.0,1
5083,15529.0,1
5084,13458.0,1
5085,18118.0,1
5086,14587.0,0
5087,15033.0,1
5088,14502.0,1
5089,16745.0,1
5090,17337.0,0
5091,14056.0,1
5092,14730.0,1
5093,14367.0,1
5094,13268.0,0
5095,16729.0,1
5096,16813.0,1
5097,16764.0,1
5098,14456.0,1
5099,16797.0,0
5100,13979.0,0
5101,12835.0,0
5102,17913.0,0
5103,14710.0,0
5104,14723.0,0
5105,13680.0,0
5106,15571.0,0
5107,13206.0,0
5108,14648.0,0
5109,16595.0,0
5110,13566.0,0
5111,12838.0,0
5112,13031.0,0
5113,18022.0,0
5114,16049.0,0
5115,12433.0,0
5116,16065.0,0
5117,16335.0,0
5118,15967.0,0
5119,17019.0,0
5120,15353.0,0
5121,14669.0,0
5122,12872.0,0
5123,14286.0,0
5124,13174.0,0
5125,17884.0,0
5126,13736.0,0
5127,13448.0,0
5128,14546.0,0
5129,17530.0,0
5130,15674.0,0
5131,16771.0,0
5132,14593.0,0
5133,13141.0,0
5134,17449.0,0
5135,15858.0,0
5136,14081.0,0
5137,15898.0,0
5138,16725.0,0
5139,16327.0,0
5140,13952.0,0
5141,12539.0,0
5142,13044.0,0
5143,14146.0,0
5144,15164.0,0
5145,13555.0,0
5146,14649.0,0
5147,15910.0,0
5148,17180.0,0
5149,17618.0,0
5150,17218.0,0
5151,13615.0,0
5152,12668.0,0
5153,16383.0,0
5154,17504.0,0
5155,13772.0,0
5156,16960.0,0
5157,13715.0,0
5158,13357.0,0
5159,17609.0,0
5160,13015.0,0
5161,15034.0,0
5162,16072.0,0
5163,16110.0,0
5164,17894.0,0
5165,14449.0,0
5166,18116.0,0
5167,14684.0,0
5168,15005.0,1
5169,16549.0,1
5170,18087.0,1
5171,12931.0,1
5172,12980.0,0
5173,16210.0,1
5174,14051.0,1
5175,17940.0,1
5176,14952.0,1
5177,14258.0,1
5178,18092.0,1
5179,16656.0,1
5180,13199.0,1
5181,16013.0,1
5182,14062.0,1
5183,15769.0,1
5184,15838.0,1
5185,13225.0,1
5186,12557.0,0
5187,17404.0,1
5188,12939.0,0
5189,13027.0,1
5190,15251.0,1
5191,16553.0,1
5192,13340.0,1
5193,17857.0,1
5194,16652.0,1
5195,15125.0,1
5196,12409.0,1
5197,17381.0,1
5198,16180.0,1
5199,15189.0,1
5200,14866.0,1
5201,14733.0,1
5202,12753.0,1
5203,16333.0,1
5204,12901.0,1
5205,15523.0,0
5206,18251.0,0
5207,12482.0,0
5208,16754.0,0
5209,12357.0,0
5210,13902.0,0
5211,12435.0,0
5212,16191.0,0
5213,14607.0,0
5214,18008.0,0
5215,15749.0,0
5216,13078.0,1
5217,12682.0,1
5218,17865.0,1
5219,13767.0,1
5220,12921.0,1
5221,16422.0,1
5222,15601.0,1
5223,17243.0,1
5224,17428.0,1
5225,13777.0,1
5226,13564.0,1
5227,14667.0,1
5228,17377.0,1
5229,16525.0,1
5230,12471.0,1
5231,15615.0,1
5232,17716.0,1
5233,14895.0,1
5234,15768.0,1
5235,17581.0,1
5236,16779.0,1
5237,15856.0,1
5238,13001.0,1
5239,14031.0,1
5240,12949.0,1
5241,13408.0,1
5242,14961.0,1
5243,15078.0,1
5244,17389.0,1
5245,14680.0,1
5246,16746.0,1
5247,17920.0,1
5248,13319.0,1
5249,15358.0,1
5250,12540.0,1
5251,13798.0,1
5252,17340.0,1
5253,12472.0,1
5254,16705.0,1
5255,12709.0,1
5256,16843.0,1
5257,17675.0,1
5258,14194.0,1
5259,18172.0,1
5260,17677.0,1
5261,12681.0,1
5262,16019.0,1
5263,17416.0,1
5264,15640.0,1
5265,14769.0,1
5266,13178.0,1
5267,15044.0,1
5268,15498.0,1
5269,12678.0,1
5270,14849.0,1
5271,17139.0,1
5272,15513.0,1
5273,12647.0,1
5274,17706.0,1
5275,17107.0,1
5276,12621.0,1
5277,16839.0,1
5278,13802.0,1
5279,12731.0,1
5280,13881.0,1
5281,17589.0,1
5282,12477.0,1
5283,13113.0,1
5284,16133.0,1
5285,17735.0,1
5286,15159.0,1
5287,14088.0,1
5288,13098.0,1
5289,15808.0,0
5290,13093.0,0
5291,14527.0,1
5292,14606.0,1
5293,12748.0,1
5294,13081.0,1
5295,15039.0,1
5296,14096.0,1
5297,17850.0,0
5298,17841.0,1
5299,17949.0,1
5300,15061.0,1
5301,17511.0,1
5302,13694.0,1
5303,16684.0,1
5304,16029.0,1
5305,12415.0,1
5306,17450.0,1
5307,15311.0,1
5308,14156.0,1
5309,13089.0,1
5310,14298.0,1
5311,14911.0,1
5312,18102.0,1
5313,14646.0,1
